433;Football;35488;Fútbol. Brasil. Paraibano. 1.ª División;0
433;Football;35624;Fútbol. Brasil. Piauiense. 1.ª División;0
433;Football;35481;Fútbol. Costa Rica. Primera División;0
433;Football;35566;Fútbol. Amistosos. Internacionales;0
433;Football;35619;Fútbol. Brasil. Amazonense. 1.ª División. Etapa 2;0
433;Football;42908;Fútbol. Burundi. President Cup. Cuartos de Final;0
433;Football;34997;Fútbol. Tanzania. Premier Liga;0
433;Football;34996;Fútbol. Gambia. 2.ª División;0
433;Football;34977;Fútbol. Turquía. Liga 3. Grupo 3;0
433;Football;34968;Fútbol. Turquía. Liga 3. Grupo 1;0
433;Football;34967;Fútbol. Turquía. Liga 3. Grupo 2;0
433;Football;34966;Fútbol. Turquía. Liga 2. Grupo Rojo;0
433;Football;34960;Fútbol. Turquía. Liga 2. Grupo Blanco;0
433;Football;34957;Fútbol. Australia. Premier Liga Nacional. Queensland;0
433;Football;34928;Fútbol. Femenino. Camerún. Campeonato Nacional;0
433;Football;34920;Fútbol. Ucrania. Premier Liga. Ronda del Campeonato;0
433;Football;34849;Fútbol. Rusia. FNL;0
433;Football;34833;Fútbol. Nigeria. Liga Profesional;0
433;Football;35108;Fútbol. Australia. Copa. 3.ª Ronda;0
433;Football;34816;Fútbol. Inglaterra. Premier League del Norte. Premier División;0
433;Football;34812;Fútbol. Myanmar. National League Sub-21;0
433;Football;35366;Fútbol. Argentina. Primera B Metropolitana División Reservas;0
433;Football;35126;Fútbol. Nepal. División B. Lalitpur;0
433;Football;35132;Fútbol. Australia. Copa. 2.ª Ronda;0
433;Football;35150;Fútbol. Hong Kong. Premier Liga Reservas;0
433;Football;35212;Fútbol. Fiyi. Liga Nacional;0
433;Football;34713;Fútbol. Suecia. Folksam Sub-21. Allsvenskan;0
433;Football;34708;Fútbol. Inglaterra. Premier League del Norte. 1.ª División. Sudeste;0
433;Football;34705;Fútbol. Inglaterra. Premier League del Norte. 1.ª División. Noroeste;0
433;Football;35151;Fútbol. Australia. Copa. 4.ª Ronda;0
433;Football;34699;Fútbol. Omán. Copa del Sultán. Semifinales. Vuelta;0
433;Football;34695;Fútbol. Australia. Nueva Gales del Sur. Premier Liga Nacional 2 Sub-20;0
433;Football;35160;Fútbol. Bután. Superliga;0
433;Football;34657;Fútbol. Singapur. Premier League;0
433;Football;34673;Fútbol. Sudáfrica. Premier Liga;0
433;Football;41832;Fútbol. Torneos Amistosos. Clubes. Tarkwa, Ghana. Fase de Grupos;0
433;Football;42740;Fútbol. Femenino. Bielorrusia. Supercopa. Minsk;0
433;Football;38624;Fútbol. Myanmar. Liga Nacional;0
433;Football;34944;Fútbol. Bielorrusia. Vysshaya Liga;0
433;Football;34785;Fútbol. Rusia. Premier Liga. Jugador vs Jugador;0
433;Football;34677;Fútbol. Femenino. Hungría. NB I;0
433;Football;34666;Fútbol. Australia. Queensland. Premier Liga Nacional Sub-20;0
433;Football;34656;Fútbol. Brasil. Brasiliense. 1.ª División;0
433;Football;34273;Fútbol. Anticipadas. Liga de las Naciones;0
433;Football;34286;Fútbol. Anticipadas. Rusia;0
433;Football;34265;Fútbol. Anticipadas. Alemania;0
433;Football;34284;Fútbol. Chile. Primera B;0
433;Football;34306;Fútbol. Chile. Primera División;0
433;Football;34285;Fútbol. Internacionales. Liga de las Naciones. Liga A. Fase de Grupos;0
433;Football;34283;Fútbol. Internacionales. Liga de las Naciones. Liga B. Fase de Grupos;0
433;Football;34281;Fútbol. Internacionales. Liga de las Naciones. Liga C. Fase de Grupos;0
433;Football;34313;Fútbol. Femenino. Brasil. Serie A1;0
433;Football;34282;Fútbol. Brasil. Amapaense;0
433;Football;34290;Fútbol. Francia. Copa. Final. Saint-Denis;0
433;Football;34304;Fútbol. Colombia. Primera A;0
433;Football;34300;Fútbol. Brasil. Paulista. Serie A1;0
433;Football;34266;Fútbol. Australia. A-League;0
433;Football;34272;Fútbol. Anticipadas. Mundial. 2022;0
433;Football;34276;Fútbol. Anticipadas. Eurocopa. 2020. Grupos. Resultado final;0
433;Football;34277;Fútbol. Anticipadas. Eurocopa. 2020. Grupos. Estadísticas;0
433;Football;34269;Fútbol. Anticipadas. Eurocopa. 2020;0
433;Football;34287;Fútbol. Anticipadas. Copa América;0
433;Football;34317;Fútbol. Amistosos. Clubes;0
433;Football;34255;Fútbol. Turquía. Super Liga;0
433;Football;34294;Fútbol. Turquía. Liga 1;0
433;Football;34263;Fútbol. Rusia. Premier Liga;0
433;Football;34271;Fútbol. Rusia. Copa. Cuartos de Final;0
433;Football;34307;Fútbol. Internacionales. Eurocopa. 2020. Torneo Final. Fase de Grupos. Rusia;0
433;Football;34302;Fútbol. Internacionales. Eurocopa. 2020. Torneo Final. Fase de Grupos. Rumania;0
433;Football;34296;Fútbol. Internacionales. Eurocopa. 2020. Torneo Final. Fase de Grupos. República de Irlanda;0
433;Football;34303;Fútbol. Internacionales. Eurocopa. 2020. Torneo Final. Fase de Grupos. Países Bajos;0
433;Football;34293;Fútbol. Internacionales. Eurocopa. 2020. Torneo Final. Fase de Grupos. Italia;0
433;Football;34301;Fútbol. Internacionales. Eurocopa. 2020. Torneo Final. Fase de Grupos. Inglaterra;0
433;Football;35376;Fútbol. Nicaragua. Primera División;0
433;Football;34298;Fútbol. Internacionales. Eurocopa. 2020. Torneo Final. Fase de Grupos. Hungría;0
433;Football;34297;Fútbol. Internacionales. Eurocopa. 2020. Torneo Final. Fase de Grupos. España;0
433;Football;34299;Fútbol. Internacionales. Eurocopa. 2020. Torneo Final. Fase de Grupos. Escocia;0
433;Football;34305;Fútbol. Internacionales. Eurocopa. 2020. Torneo Final. Fase de Grupos. Dinamarca;0
433;Football;35395;Fútbol. Honduras. Liga Nacional;0
433;Football;34292;Fútbol. Internacionales. Eurocopa. 2020. Torneo Final. Fase de Grupos. Azerbaiyán;0
433;Football;34295;Fútbol. Internacionales. Eurocopa. 2020. Torneo Final. Fase de Grupos. Alemania;0
433;Football;34256;Fútbol. Internacionales. Eurocopa. 2020. Clasificación. Ronda Eliminatoria. 1.ª Ronda;0
433;Football;34274;Fútbol. Internacionales. Copa América. 2020. Argentina y Colombia. Fase de Grupos;0
433;Football;34316;Fútbol. Brasil. Maranhense. 1.ª División. 1.ª Ronda;0
433;Football;34315;Fútbol. Brasil. Potiguar. 1.ª División. Taca Río Grande del Norte;0
433;Football;34314;Fútbol. Bahréin. 2.ª División;0
433;Football;34312;Fútbol. Femenino. Argentina. Primera División A;0
433;Football;34311;Fútbol. Anticipadas. Inglaterra;0
433;Football;34310;Fútbol. Ucrania. Premier Liga. Ronda de Descenso;0
433;Football;34309;Fútbol. México. Liga Premier. Serie A;0
433;Football;34308;Fútbol. Gambia. 1.ª División;0
433;Football;34291;Fútbol. Ghana. Premier Liga;0
433;Football;34289;Fútbol. Inglaterra. Liga Nacional del Sur;0
433;Football;34288;Fútbol. Argentina. Primera Nacional. Grupo B;0
433;Football;34280;Fútbol. Internacionales. Liga de las Naciones. Liga D. Fase de Grupos;0
433;Football;34279;Fútbol. Argelia. Liga 1;0
433;Football;34278;Fútbol. Anticipadas. Suiza;0
433;Football;34275;Fútbol. Suecia. Allsvenskan;0
433;Football;34270;Fútbol. Argentina. Primera C Metropolitana;0
433;Football;34268;Fútbol. Argentina. League Cup. Fase de Grupos;0
433;Football;34267;Fútbol. Inglaterra. Liga Nacional;0
433;Football;34264;Fútbol. Argentina. Federal A. Fase de Grupos;0
433;Football;34262;Fútbol. Argentina. Primera D Metropolitana;0
433;Football;34261;Fútbol. Argelia. Liga 2;0
433;Football;34260;Fútbol. Argentina. Primera Nacional. Grupo A;0
433;Football;37850;Fútbol. Myanmar. Liga Nacional 2;0
433;Football;34259;Fútbol. Suecia. Superettan;0
433;Football;34258;Fútbol. Australia. Premier Liga Nacional. Victoria;0
433;Football;34257;Fútbol. Túnez. Ligue 3;0
433;Football;34254;Fútbol. Bahréin. Premier Liga;0
433;Football;34253;Fútbol. Inglaterra. Liga Nacional del Norte;0
433;Football;44309;Fútbol. Bielorrusia. Amateur Championship. AFL. Liga 1. Minsk;0
433;Football;45293;Fútbol. Tayikistán. Vysshaya Liga;0
433;Football;45326;Fútbol. Tayikistán. Supercopa. Dusambé;0
433;Football;36356;Fútbol. Myanmar. National League Sub-19;0
433;Football;37232;Fútbol. Malaui. Superliga;0
433;Football;38019;Fútbol. Amistosos. Clubs Sub-19;0
433;Football;37240;Fútbol. Burundi. Premier Liga;0
433;Football;42259;Fútbol. Torneos Amistosos. Clubes. Fraternity Of Peoples Cup. Odintsovo, Rusia. Fase de Grupos;0
433;Football;37353;Fútbol. Alemania. Copa. Semifinales;0
433;Football;36814;Fútbol. Femenino. Australia. W-Liga. Eliminatorias. Final. Melbourne;0
433;Football;35119;Fútbol. Hong Kong. Premier Liga;0
433;Football;37370;Fútbol. Bután. Superliga. Eliminatorias. Final. Timbu;0
433;Football;39205;Fútbol. Bielorrusia. Amateur Championship. AFL. Vysshaya Liga. Minsk;0
433;Football;37387;Fútbol. San Cristóbal y Nieves. Premier League;0
433;Football;36198;Fútbol. Haití. Campeonato Nacional;0
433;Football;37544;Fútbol. Femenino. Amistosos. Clubes;0
433;Football;45653;Fútbol. China Taipéi. Liga Universitaria;0
433;Football;45658;Fútbol. Femenino. China Taipéi. Liga Universitaria;0
433;Football;36105;Fútbol. Uganda. Liga Regional. Buganda;0
433;Football;36052;Fútbol. Femenino. Uganda. Superliga;0
433;Football;36014;Fútbol. Uganda. FBL;0
433;Football;36000;Fútbol. Femenino. Australia. W-Liga;0
433;Football;35999;Fútbol. Angola. Girabola;0
433;Football;45732;Fútbol. Bielorrusia. Amateur Championship. Open Premier League Cup. Minsk. 3.er Puesto;0
433;Football;35923;Fútbol. Femenino. Zambia. Championship;0
433;Football;45733;Fútbol. Bielorrusia. Amateur Championship. Open Premier League Cup. Minsk. Final;0
433;Football;41697;Fútbol. Torneos Amistosos. Clubes. Berdyansk, Ucrania. Todos contra Todos;0
433;Football;40874;Fútbol. Suecia. Copa Regional. Este. Final. Gotemburgo;0
433;Football;35412;Fútbol. Argentina. Primera C Metropolitana División Reservas;0
433;Football;35421;Fútbol. Palestina. Copa. Octavos de Final;0
433;Football;36721;Fútbol. Hong Kong. Copa. Semifinales. Tseung Kwan O;0
433;Football;39854;Fútbol. Rusia. LFL. Samara;0
433;Football;35872;Fútbol. Bielorrusia. Vysshaya Liga Reservas;0
433;Football;35836;Fútbol. Nicaragua. Liga Sub-20;0
433;Football;35496;Fútbol. Palestina. West Bank League;0
435;Ice Hockey;45464;Hockey Hielo. Bielorrusia. Liga de Aficionados. Minsk. Liga 2;0
435;Ice Hockey;34386;Hockey Hielo. Liga Pro. Temporada Regular. Moscú, Rusia;0
435;Ice Hockey;45286;Hockey Hielo. Liga Pro. Rusia. Eliminatorias. Semifinales;0
435;Ice Hockey;44437;Hockey Hielo. Bielorrusia. Liga de Aficionados. Minsk. Challenge League;0
435;Ice Hockey;45371;Hockey Hielo. Liga Pro. Rusia. Todos contra Todos;0
435;Ice Hockey;45463;Hockey Hielo. Bielorrusia. Liga de Aficionados. Minsk. Liga 1;0
435;Ice Hockey;35343;Hockey Hielo. Rusia. NMHL;0
435;Ice Hockey;40293;Hockey Hielo. Rusia. Liga de Aficionados. Yaroslavl;0
435;Ice Hockey;35341;Hockey Hielo. Night League. Privolzhye. Región de Kirov;0
435;Ice Hockey;35342;Hockey Hielo. Night League. Privolzhye. Baskortostán;0
435;Ice Hockey;34384;Hockey Hielo. Bielorrusia. Extraliga. Eliminatorias. Semifinales;0
435;Ice Hockey;45501;Hockey Hielo. Liga Pro. Rusia. Eliminatorias. 3.er Puesto;0
435;Ice Hockey;45502;Hockey Hielo. Liga Pro. Rusia. Eliminatorias. Final;0
435;Ice Hockey;34750;Hockey Hielo. Night League. Centro. Región de Smolensk;0
435;Ice Hockey;39422;Hockey Hielo. Rusia. Night League. Tomsk;0
435;Ice Hockey;40294;Hockey Hielo. Rusia. Liga de Aficionados. Samara. Division S;0
435;Ice Hockey;39421;Hockey Hielo. Rusia. Night League. Perm;0
435;Ice Hockey;34709;Hockey Hielo. Liga Pro. Temporada Regular. Tver, Rusia. Fase de Grupos;0
435;Ice Hockey;34393;Hockey Hielo. Liga Pro. Eliminatorias. Semifinales. Moscú, Rusia;0
435;Ice Hockey;34751;Hockey Hielo. Night League. Privolzhye. Mordovia;0
435;Ice Hockey;34749;Hockey Hielo. Night League. Centro. Región de Bryansk;0
435;Ice Hockey;34390;Hockey Hielo. KHL. Eliminatorias. Cuartos de Final;0
435;Ice Hockey;34391;Hockey Hielo. VHL. Eliminatorias. Cuartos de Final;0
435;Ice Hockey;37225;Hockey Hielo. Liga Pro. Eliminatorias. Final. Moscú, Rusia;0
435;Ice Hockey;35338;Hockey Hielo. Night League. Lejano Oriente. Región de Jabárovsk;0
435;Ice Hockey;34392;Hockey Hielo. Ucrania. Campeonato. Eliminatorias. Cuartos de Final;0
435;Ice Hockey;35339;Hockey Hielo. Rusia. Pervenstvo VHL. Eliminatorias. Semifinales;0
435;Ice Hockey;34387;Hockey Hielo. Anticipadas;0
435;Ice Hockey;34389;Hockey Hielo. Internacionales. Campeonato del Mundo. 2020. Top Division. Suiza. Fase de Grupos;0
435;Ice Hockey;35340;Hockey Hielo. Night League. Centro. Región de Tver;0
435;Ice Hockey;40295;Hockey Hielo. Rusia. Liga de Aficionados. Samara. División D;0
435;Ice Hockey;40296;Hockey Hielo. Bielorrusia. Extraliga. Eliminatorias. Final;0
435;Ice Hockey;34388;Hockey Hielo. KHL. Eliminatorias. Cuartos de Final. Resultado Final de la Serie;0
435;Ice Hockey;34385;Hockey Hielo. MHL. Eliminatorias. Octavos de Final;0
435;Ice Hockey;44438;Hockey Hielo. Bielorrusia. EHL;0
435;Ice Hockey;44439;Hockey Hielo. Bielorrusia. EHL. 2.ª División;0
437;Boxing;34459;Boxeo. Combates;0
437;Boxing;34790;Boxeo. Juegos Olímpicos. 2020. Clasificación. Europa. Londres, Inglaterra. Masculino;0
438;Cricket;34460;Críquet. Anticipadas;1
438;Cricket;34462;Críquet. Sudáfrica. Copa de Un Día. Semifinales;1
438;Cricket;38549;Críquet. India. Hapur Premier League. Todos contra Todos;0
438;Cricket;34461;Críquet. Pakistán. Superliga. Eliminatorias. Semifinales. Lahore;1
439;Table Tennis;35500;Tenis de Mesa. Liga Pro. Rusia. Moscú. Femenino. Individuales. Final;0
439;Table Tennis;35934;Tenis de Mesa. Master Tour. 7X7. Rusia. San Petersburgo. Masculino. Individuales;0
439;Table Tennis;45729;Tenis de Mesa. Masters. Liga C. Masculino. Individuales;0
439;Table Tennis;35477;Tenis de Mesa. Series del Desafío. Masculino. Individuales. Semifinales;0
439;Table Tennis;35373;Tenis de Mesa. Master Tour. Rusia. San Petersburgo. Femenino. Individuales. Final;0
439;Table Tennis;45743;Tenis de Mesa. Masters. Liga A. Masculino. Individuales;0
439;Table Tennis;34468;Tenis de Mesa. Liga Pro. Rusia. Moscow Open. Masculino. Individuales;0
439;Table Tennis;34783;Tenis de Mesa. Liga Pro. Rusia. Moscow Open. Masculino. Individuales. Final;0
439;Table Tennis;38611;Tenis de Mesa. Master Tour. 7X7. Rusia. San Petersburgo. Masculino. Individuales. Final;0
439;Table Tennis;37804;Tenis de Mesa. Master Tour. 7X7. Rusia. San Petersburgo. Femenino. Individuales;0
439;Table Tennis;45748;Tenis de Mesa. Masters. Liga B. Masculino. Individuales;0
439;Table Tennis;35205;Tenis de Mesa. Master Tour. Rusia. San Petersburgo. Femenino. Individuales;0
439;Table Tennis;34464;Tenis de Mesa. Master Tour. Rusia. San Petersburgo. Masculino. Individuales;0
439;Table Tennis;45370;Tenis de Mesa. ITT Cup. Armenia. Femenino. Individuales;0
439;Table Tennis;45513;Tenis de Mesa. Liga Pro. Rusia. Masculino. Individuales. Final;0
439;Table Tennis;45506;Tenis de Mesa. Liga Pro. Rusia. Masculino. Individuales;0
439;Table Tennis;45485;Tenis de Mesa. ITT Cup. Armenia. Masculino. Individuales;0
439;Table Tennis;35371;Tenis de Mesa. Master Tour. Rusia. San Petersburgo. Femenino. Individuales. 3.er Puesto;0
439;Table Tennis;37464;Tenis de Mesa. TTStar Series. República Checa. Masculino. Individuales;0
439;Table Tennis;34467;Tenis de Mesa. Series del Desafío. Masculino. Individuales;0
439;Table Tennis;34466;Tenis de Mesa. Liga Pro. Rusia. Moscú. Masculino. Individuales;0
439;Table Tennis;34470;Tenis de Mesa. Liga Pro. Rusia. Moscú. Femenino. Individuales;0
439;Table Tennis;38541;Tenis de Mesa. Setka Cup. Ucrania. Masculino. Individuales. Final;0
439;Table Tennis;37440;Tenis de Mesa. República Checa. Masculino. TTStar Series. Todos contra Todos;0
439;Table Tennis;34719;Tenis de Mesa. Liga Pro. Rusia. Moscú. Masculino. Individuales. Final;0
439;Table Tennis;39822;Tenis de Mesa. TTStar Series. República Checa. Masculino. Individuales. Semifinales;0
439;Table Tennis;38645;Tenis de Mesa. TT Cup. Ucrania. Masculino. Individuales. 3.er Puesto;0
439;Table Tennis;37749;Tenis de Mesa. TT Cup. Ucrania. Femenino. Individuales;0
439;Table Tennis;34651;Tenis de Mesa. TT Cup. Ucrania. Masculino. Individuales. Final;0
439;Table Tennis;34469;Tenis de Mesa. TT Cup. Ucrania. Masculino. Individuales;0
439;Table Tennis;34465;Tenis de Mesa. Setka Cup. Ucrania. Masculino. Individuales;0
439;Table Tennis;34463;Tenis de Mesa. Setka Cup. Ucrania. Femenino. Individuales;0
439;Table Tennis;36682;Tenis de Mesa. Liga Pro. Rusia. Moscow Open. Masculino. Individuales. 3.er Puesto;0
439;Table Tennis;45281;Tenis de Mesa. Win Cup. Ucrania. Masculino. Individuales;0
440;Rugby Union;34472;Rugby Union. Anticipadas. Copa Mundial;0
440;Rugby Union;34474;Rugby Union. Clubes. Internacionales. Copa de Campeones de Europa. Cuartos de Final;0
440;Rugby Union;34471;Rugby Union. Anticipadas;0
440;Rugby Union;34473;Rugby Union. Clubes. Internacionales. Copa Desafío Europeo. Cuartos de Final;0
441;MMA;42522;Artes Marciales Mixtas. JFC;0
441;MMA;42481;Artes Marciales Mixtas. Submission Underground;0
441;MMA;34477;Artes Marciales Mixtas. Gorilla Fighting Championship;0
441;MMA;34476;Artes Marciales Mixtas. UFC;0
441;MMA;34475;Artes Marciales Mixtas. ACA;0
441;MMA;42417;Artes Marciales Mixtas. FAME;0
441;MMA;45271;Artes Marciales Mixtas. King of Warriors;0
441;MMA;34799;Artes Marciales Mixtas. Cage Warriors;0
442;Handball;34480;Balonmano. Turquía. Femenino. Copa. Semifinales. Ida;0
442;Handball;35945;Balonmano. Bielorrusia. Femenino. Vysshaya Liga;0
442;Handball;34479;Balonmano. Suecia. Masculino. Handbollsligan;0
442;Handball;35944;Balonmano. Bielorrusia. Masculino. División 1;0
442;Handball;34478;Balonmano. Ucrania. Masculino. Copa. Cuartos de Final. Vuelta;0
443;Golf;34481;Golf. Anticipadas;0
444;Hurling;34482;Hurling. Anticipadas;1
445;American Football;34483;Fútbol Americano. Anticipadas. NFL;0
446;Specials;42094;Especiales. Deportes. Fútbol;0
446;Specials;34484;Especiales. Deportes. Fútbol. Clubes. Dinamo Moscú;0
446;Specials;34486;Especiales. Deportes. Fútbol. Mánager;0
446;Specials;34485;Especiales. Deportes. Fútbol. Equipos Internacionales;0
446;Specials;36773;Especiales. COVID-19. Sociedad;0
446;Specials;39944;Especiales. Deportes;0
447;Chess;45636;Ajedrez. Torneos Amistosos. Banter Blitz Cup. Octavos de Final;0
447;Chess;34488;Ajedrez. Anticipadas;1
447;Chess;34487;Ajedrez. Torneo de Candidatos. Masculino. Ekaterimburgo, Rusia. Ronda 1;1
447;Chess;38646;Ajedrez. Torneo de Candidatos. Masculino. Ekaterimburgo, Rusia. Ronda 6;0
447;Chess;45637;Ajedrez. Torneos Amistosos. Banter Blitz Cup. Cuartos de Final;0
447;Chess;39565;Ajedrez. Torneo de Candidatos. Masculino. Ekaterimburgo, Rusia. Ronda 7;0
447;Chess;40814;Ajedrez. Torneo de Candidatos. Masculino. Ekaterimburgo, Rusia. Ronda 8;0
447;Chess;35895;Ajedrez. Torneo de Candidatos. Masculino. Ekaterimburgo, Rusia. Ronda 2;0
447;Chess;38002;Ajedrez. Torneo de Candidatos. Masculino. Ekaterimburgo, Rusia. Ronda 5;0
447;Chess;36402;Ajedrez. Torneo de Candidatos. Masculino. Ekaterimburgo, Rusia. Ronda 3;0
447;Chess;37044;Ajedrez. Torneo de Candidatos. Masculino. Ekaterimburgo, Rusia. Ronda 4;0
448;Basketball;39129;Baloncesto. Rusia. Masculino. Liga Regional. San Petersburgo;0
448;Basketball;34802;Baloncesto. Rusia. Masculino. MLBL. Vladivostok. Fase de Grupos;0
448;Basketball;34780;Baloncesto. Serbia. Masculino. Liga Regional Sub-21. Belgrado;0
448;Basketball;35428;Baloncesto. Barbados. Masculino. Premier Liga. Temporada Regular. Bridgetown;0
448;Basketball;34492;Baloncesto. Australia. Masculino. NBL. Eliminatorias. Final;0
448;Basketball;34494;Baloncesto. Rusia. Masculino. Superliga. 1.ª División;0
448;Basketball;34496;Baloncesto. Rusia. Masculino. Superliga. 2.ª División;0
448;Basketball;36705;Baloncesto. Rusia. Masculino. MLBL. Distrito Federal del Noroeste;0
448;Basketball;34495;Baloncesto. Turquía. Masculino. Super Liga;0
448;Basketball;36870;Baloncesto. Turquía. Femenino. TKBL;0
448;Basketball;38096;Baloncesto. Rusia. Femenino. MLBL. Vladivostok. Eliminatorias. Final;0
448;Basketball;38380;Baloncesto. Liga Pro. Masculino. Eliminatorias. Final. Jabárovsk, Rusia;0
448;Basketball;38348;Baloncesto. Tayikistán. Masculino. Campeonato Nacional. Temporada Regular. Dusambé;0
448;Basketball;36855;Baloncesto. Turquía. Masculino. TB2L;0
448;Basketball;36713;Baloncesto. Rusia. Masculino. MLBL. San Petersburgo. Vysshaya Liga;0
448;Basketball;35461;Baloncesto. Rusia. Masculino. MLBL. Moscú;0
448;Basketball;37847;Baloncesto. Rusia. Masculino. Liga Regional. Kopeysk;0
448;Basketball;35984;Baloncesto. Rusia. Masculino. MLBL. Oremburgo. Vysshaya Liga;0
448;Basketball;35989;Baloncesto. Rusia. Masculino. MLBL. Volgogrado. Top Division;0
448;Basketball;38531;Baloncesto. Nicaragua. Masculino. Torneo Carlos Ulloa;0
448;Basketball;37524;Baloncesto. Sudán. Masculino. Premier League;0
448;Basketball;36046;Baloncesto. China Taipéi. Masculino. Superliga;0
448;Basketball;40635;Baloncesto. Rusia. Masculino. MLBL. Kostroma;0
448;Basketball;34493;Baloncesto. Chile. Masculino. LNB. Eliminatorias. Cuartos de Final;0
448;Basketball;34491;Baloncesto. Turquía. Masculino. TBL;0
448;Basketball;34490;Baloncesto. Rusia. Femenino. Superliga. 2.ª División. Eliminatorias. Semifinales;0
448;Basketball;34489;Baloncesto. Rusia. Femenino. Superliga. 1.ª División;0
448;Basketball;42950;Baloncesto. Rusia. Masculino. Liga Regional. Kopeysk. Eliminatorias. Cuartos de Final;0
448;Basketball;45397;Baloncesto. Liga Pro. Masculino. Rusia. Eliminatorias. Final;0
448;Basketball;36316;Baloncesto. Rusia. Masculino. Global League;0
448;Basketball;45379;Baloncesto. Liga Pro. Masculino. Rusia. Eliminatorias. 3.er Puesto;0
448;Basketball;38749;Baloncesto. Nicaragua. Femenino. LNB. Temporada Regular. Managua;0
448;Basketball;45273;Baloncesto. Liga Pro. Masculino. Rusia. Eliminatorias. Semifinales;0
448;Basketball;35724;Baloncesto. México. Masculino. CIBACOPA;0
449;Snooker;34497;Snooker. Tour Championship. Cuartos de Final;1
449;Snooker;36692;Snooker. European Amateur Championship. Semifinales;0
449;Snooker;35896;Snooker. Anticipadas;0
450;Tennis;37608;Tenis. Masters. Pro Tour. Rusia. Masculino. Individuales;0
450;Tennis;41787;Tenis. Masters. Rusia. Masculino. Individuales;0
450;Tennis;39559;Tenis. Liga Pro. Rusia. Femenino. Individuales;0
450;Tennis;34498;Tenis. Anticipadas;0
450;Tennis;36764;Tenis. Liga Pro. Rusia. Masculino. Individuales;0
450;Tennis;39227;Tenis. Rusia. Liga de Aficionados. Masculino. Individuales;0
451;Cycling;34499;Ciclismo. Anticipadas;0
452;Darts;34501;Dardos. Anticipadas;1
452;Darts;34500;Dardos. Premier Liga. Temporada Regular. Ronda 7. Newcastle;1
452;Darts;45549;Dardos. Juegos de Exhibición;0
453;Sumo;34502;Sumo. Japón. Haru Basho. Osaka;1
454;Futsal;41810;Fútbol Sala. Bielorrusia. Liga Regional. Minsk. Superliga;0
454;Futsal;41748;Fútbol Sala. Bielorrusia. Liga Regional. Mogilev. Vysshaya Liga;0
454;Futsal;41761;Fútbol Sala. Bielorrusia. Liga de Aficionados. Premier League. Centro. 2.ª División;0
454;Futsal;41814;Fútbol Sala. Bielorrusia. Liga Regional. Minsk. 1.ª División;0
454;Futsal;41865;Fútbol Sala. Bielorrusia. Liga de Aficionados. Premier League. Oeste. 3.ª División;0
454;Futsal;37788;Fútbol Sala. Bielorrusia. Vysshaya Liga;0
454;Futsal;40741;Fútbol Sala. Bielorrusia. Liga Regional. Gomel. 2.ª División;0
454;Futsal;41815;Fútbol Sala. Bielorrusia. Liga Regional. Gomel. 1.ª División;0
454;Futsal;34752;Fútbol Sala. Suecia. SFL. Eliminatorias. Cuartos de Final. Vuelta;0
454;Futsal;42954;Fútbol Sala. Bielorrusia. Liga Regional. Bobruisk. 2.ª División;0
454;Futsal;39163;Fútbol Sala. Bielorrusia. Liga de Aficionados;0
454;Futsal;38274;Fútbol Sala. Bielorrusia. Liga Regional. Bobruisk. 1.ª División;0
454;Futsal;42946;Fútbol Sala. Bielorrusia. Liga Regional. Kamyanyets;0
454;Futsal;45543;Fútbol Sala. Bielorrusia. Liga Regional. Minsk. 2.ª División;0
454;Futsal;34503;Fútbol Sala. Rusia. Superliga;0
454;Futsal;39266;Fútbol Sala. Bielorrusia. Copa Regional. Fase de Grupos. Grodno;0
455;Rugby League;34504;Rugby League. Australia. NRL;0
455;Rugby League;34828;Rugby League. Inglaterra. SuperLiga;0
455;Rugby League;34505;Rugby League. Anticipadas;0
456;Baseball;34507;Béisbol. Anticipadas. República de Corea;0
456;Baseball;34508;Béisbol. Anticipadas. MLB;0
456;Baseball;42019;Béisbol. Japón. NPB Reservas;0
456;Baseball;43707;Béisbol. Nicaragua. GPO;0
456;Baseball;34506;Béisbol. Anticipadas. Japón;0
456;Baseball;40489;Béisbol. Japón. NPB. Pretemporada;0
456;Baseball;42107;Béisbol. China Taipéi. CPBL Minor;0
456;Baseball;42512;Béisbol. Japón. NPB Reservas. Pretemporada;0
456;Baseball;36689;Béisbol. China Taipéi. CPBL. Pretemporada;0
457;Aussie Rules;34509;Fútbol Australiano. AFL;1
457;Aussie Rules;34510;Fútbol Australiano. Anticipadas;1
457;Aussie Rules;36716;Fútbol Australiano. Femenino. AFL. Eliminatorias. Cuartos de Final;0
458;Volleyball;34690;Voleibol. Turquía. Femenino. Liga 1. Ronda de Semifinales. Bursa;1
458;Volleyball;37659;Voleibol. Rusia. Masculino. Liga Regional. Moscú. Liga 1;0
458;Volleyball;34711;Voleibol. Azerbaiyán. Masculino. Campeonato. Temporada Regular. Bakú;1
458;Volleyball;45287;Voleibol. Rusia. Femenino. Ural League;0
458;Volleyball;34716;Voleibol. Anticipadas;1
458;Volleyball;37157;Voleibol. Liga Pro. Masculino. Ronda Final. Barnaul, Rusia;0
458;Volleyball;37669;Voleibol. Rusia. Masculino. Liga Regional. San Petersburgo. Hard League. Grupo A;0
458;Volleyball;38555;Voleibol. Rusia. Femenino. Liga Regional. San Petersburgo. Liga C;0
458;Volleyball;34684;Voleibol. Turquía. Masculino. Liga 1. Ronda de Semifinales. Ankara;1
458;Volleyball;45385;Voleibol. Bielorrusia. Equipos Mixtos. División 3;0
458;Volleyball;38553;Voleibol. Rusia. Masculino. Liga Regional. Ekaterimburgo. Vysshaya Liga B;0
458;Volleyball;35344;Voleibol. Rusia. Masculino. Vysshaya Liga A. Temporada Regular. San Petersburgo;1
458;Volleyball;39423;Voleibol. Rusia. Femenino. Copa Regional. San Petersburgo;0
458;Volleyball;45216;Voleibol. Bielorrusia. Equipos Mixtos. División 4;0
458;Volleyball;34683;Voleibol. Turquía. Femenino. Liga 1;1
458;Volleyball;39477;Voleibol. Bahréin. Masculino. Copa del Príncipe de la Corona. Semifinales. Riffa;0
458;Volleyball;34682;Voleibol. Turquía. Masculino. Liga 1;1
458;Volleyball;34514;Voleibol. Rusia. Femenino. Liga Juvenil. Fase Final. 1.º - 6.º Puestos. Kazán;1
458;Volleyball;34513;Voleibol. Rusia. Femenino. Superliga. Eliminatorias. Semifinales. Ida;1
458;Volleyball;34512;Voleibol. Rusia. Masculino. Liga Juvenil. Ronda de Clasificación. 7.º - 12.º Puestos. Belgorod;1
458;Volleyball;39178;Voleibol. Rusia. Masculino. Liga Regional. San Petersburgo. Medium League. Sur;0
458;Volleyball;39167;Voleibol. Rusia. Masculino. Liga Regional. San Petersburgo. Hard League. Grupo B;0
458;Volleyball;45251;Voleibol. Rusia. Masculino. Liga Regional. Irkutsk;0
458;Volleyball;34511;Voleibol. Turquía. Femenino. Sultanlar Liga;1
458;Volleyball;38987;Voleibol. Liga Pro. Masculino. Fase de Grupos. Novosibirsk, Rusia;0
458;Volleyball;44245;Voleibol. Rusia. Masculino. Liga Regional. Ekaterimburgo. Superliga;0
458;Volleyball;35349;Voleibol. Tailandia. Masculino. VTL. Ronda de Clasificación. 1.º - 4.º Puestos. Bangkok;1
458;Volleyball;40949;Voleibol. Liga Pro. Masculino. Ronda Final. Novosibirsk, Rusia;0
458;Volleyball;34843;Voleibol. Rusia. Masculino. Liga Juvenil. Ronda de Clasificación. 1.º - 6.º Puestos. Novosibirsk;1
458;Volleyball;34844;Voleibol. Liga Pro. Masculino. Fase de Grupos. Barnaul, Rusia;1
458;Volleyball;38550;Voleibol. Rusia. Femenino. Liga Regional. Ekaterimburgo. Vysshaya Liga;0
458;Volleyball;45250;Voleibol. Kung-Volleyball. Masculino;0
458;Volleyball;38566;Voleibol. Rusia. Masculino. Liga Regional. San Petersburgo. Medium League. Norte;0
458;Volleyball;45288;Voleibol. Rusia. Masculino. Ural League;0
458;Volleyball;38551;Voleibol. Rusia. Femenino. Liga Regional. San Petersburgo. Liga B;0
458;Volleyball;37660;Voleibol. Rusia. Masculino. Liga Regional. San Petersburgo. Light League. Norte;0
458;Volleyball;39162;Voleibol. Rusia. Masculino. Liga Regional. San Petersburgo. Light League. Sur;0
458;Volleyball;38552;Voleibol. Rusia. Masculino. Liga Regional. Ekaterimburgo. Vysshaya Liga A;0
458;Volleyball;38554;Voleibol. Rusia. Femenino. Liga Regional. San Petersburgo. Liga A;0
458;Volleyball;37158;Voleibol. Rusia. Masculino. Superliga. Ronda de Clasificación. 3.º - 10.º Puestos. Vuelta;0
458;Volleyball;34845;Voleibol. Rusia. Femenino. Liga Juvenil. Fase Final. 7.º - 12.º Puestos. Krasnodar;1
458;Volleyball;37159;Voleibol. Rusia. Femenino. Superliga. Eliminatorias. Semifinales. Vuelta;0
458;Volleyball;40093;Voleibol. Rusia. Femenino. Liga Regional. Ekaterimburgo. Superliga;0
458;Volleyball;35357;Voleibol. Tailandia. Femenino. VTL. Ronda de Clasificación. 1.º - 4.º Puestos. Bangkok;1
458;Volleyball;38564;Voleibol. Rusia. Masculino. Liga Regional. Ekaterimburgo. Liga 1;0
459;Gaelic Football;34515;Fútbol Gaélico. Anticipadas;1
460;Bowls;34516;Bowls. Gran Premio. Todos contra Todos;1
488;Basketball 3x3;35182;Baloncesto 3x3. Liga Pro. Masculino. Todos contra Todos. Jabárovsk, Rusia;1
488;Basketball 3x3;37356;Baloncesto 3x3. Liga Pro. Femenino. Todos contra Todos. Jabárovsk, Rusia;0
488;Basketball 3x3;39964;Baloncesto 3x3. Liga Pro. Masculino. Todos contra Todos. San Petersburgo, Rusia;0
488;Basketball 3x3;45262;Baloncesto 3x3. Liga Pro. Masculino. Rusia. Todos contra Todos;0
492;Water Polo;35350;Waterpolo. Rusia. Masculino. Vysshaya Liga. Volgogrado;1
493;Bandy;37197;Bandy. Suecia. Elitserien Sub-19. Eliminatorias. Final. Upsala;0
493;Bandy;35897;Bandy. Femenino. Suecia. Elitserien. Eliminatorias. Final;0
493;Bandy;35898;Bandy. Suecia. Elitserien U-19. Eliminatorias. Final. Upsala;0
493;Bandy;35351;Bandy. Suecia. Elitserien. Eliminatorias. Final. Upsala;1
499;Netball;36203;Netball. Anticipadas;1
500;Other Sports;39211;COVID-19. Política;0
500;Other Sports;36438;COVID-19. Deportes;0
500;Other Sports;37196;COVID-19. Sociedad;0
507;Kickboxing;45580;Kick Boxing. Khaos;0
507;Kickboxing;37657;Kick Boxing. Fair Fight;0
507;Kickboxing;42424;Kick Boxing. Krush;0
509;Floorball;38032;Floorball. Rusia. Masculino. Amateur League Cup. Omsk. Fase de Grupos;1
533;Badminton;45252;Bádminton. Armenia. Infinity Cup. Masculino. Individuales;0
