549;Esports;112389;Dota2: DPL CDA;0
549;Esports;98129;Rainbow Six: Russian Major League;0
549;Esports;86320;CS GO: ESL One Road to Rio;0
549;Esports;129200;Dota2: Pit League;0
549;Esports;187482;Dota2: ESL One Birmingham;0
549;Esports;142073;CS GO: BLAST Rising;0
549;Esports;126439;Dota2: WePlay! Pushka League: Division 2;0
549;Esports;187025;Rainbow Six: Six Masters;0
549;Esports;62545;FIFA: Eserien Norway;0
549;Esports;111607;CS GO: eFire Master League North America;0
549;Esports;70720;LoL: LCL;0
549;Esports;49647;CS GO: ESL Pro League Europe;0
549;Esports;236871;CS GO: Blast Premier Qualifier;0
549;Esports;49952;CS GO: CLUTCH;0
549;Esports;72695;CS GO: Dreamhack Masters North America Qual;0
549;Esports;183105;Dota2: Cyber Cup Europe;0
549;Esports;142451;CS GO: ESL Mistrzostwa Polski;0
549;Esports;62881;CS GO: ESL Masters Spain;0
549;Esports;217508;CS GO: Winners League;0
549;Esports;67481;CS GO: Dreamhack Masters Europe Qual;0
549;Esports;67773;CS GO: ESL Premiership;0
549;Esports;198498;CS GO: SECTOR: MOSTBET;0
549;Esports;78158;Dota2: WePlay Pushka League;0
549;Esports;78748;CS GO: ESL National Championship France;0
549;Esports;216939;CS GO: Dreamhack Masters Spring 2020;0
549;Esports;249458;LoL: Mid Season Cup;0
549;Esports;119852;LoL: LDL;0
549;Esports;121622;KoG: King Pro League Globall Tour;0
549;Esports;53274;CS GO: Telia Esports Series;0
549;Esports;66915;Dota2: Epic Prime League;0
549;Esports;82907;CS GO: ESL Benelux Championship;0
549;Esports;253785;CS GO: Gamers Without Borders;0
549;Esports;66449;CS GO: Dreamhack Masters Oceania Qual;0
549;Esports;264355;RL: Fusion Europe;0
549;Esports;211089;CS2: Into The AlphaX Pro Circuit;0
549;Esports;52464;NBA2K Cyber NBA Tournament;0
549;Esports;256386;LoL: Mid Season Showdown;0
549;Esports;90892;Dota2: Sector MB;0
549;Esports;203133;Dota2: Gamers Without Borders;0
549;Esports;113107;LoL: TCS League;0
549;Esports;46001;CS GO: LPL PRO;0
549;Esports;46035;LoL: LEC;0
549;Esports;46044;CoD: CWL Global Pro League;0
549;Esports;46048;OW: OWL;0
549;Esports;46016;LoL: NA Academy League;0
549;Esports;123167;Dota2: Dota2 Professional League;0
549;Esports;46069;RL: RLCS;0
549;Esports;46068;Dota2: Parimatch League;0
549;Esports;226858;CS GO: Merkur Masters;0
549;Esports;48643;LoL: Turkish CL;0
549;Esports;214685;CS GO: Hellcase Cup;0
549;Esports;46063;LoL: LLA;0
549;Esports;46061;RL: Championship Series;0
549;Esports;203568;SC2: AlphaX Pro Circuit;0
549;Esports;61974;CS GO: ESL One Rio 2020  Qualifier;0
549;Esports;46057;Dota2: Liga Pro Gaming;0
549;Esports;46041;CS GO: Elisa Viihde League;0
549;Esports;46037;CS GO: HIPFIRED CUP;0
549;Esports;46034;LoL: CBLoL;0
549;Esports;46028;SC2: HomeStory Cup;0
549;Esports;263395;CS GO: Blast Premier Spring Showdown;0
549;Esports;46026;LoL: PCS;0
549;Esports;46024;LoL: Vietnam Championship Series;0
549;Esports;46022;Dota2: BTS;0
549;Esports;46020;LoL: OPL;0
549;Esports;46013;CS GO: Flashpoint;0
549;Esports;98814;CoD: World League;0
549;Esports;122718;CS GO: Elisa Invitational;0
549;Esports;85317;FIFA: Interactive World Cup;0
549;Esports;96451;FIFA: ePremier League Invitational;0
549;Esports;46005;Dota2: China DOTA2 Development League;0
549;Esports;120034;SC2: Global Starcraft 2 League;0
549;Esports;176302;Dota2: Asia Spring Invitational;0
549;Esports;104257;RL: Spring Series;0
549;Esports;45995;LoL: Challengers Korea;0
549;Esports;45993;CS GO: ESEA North America;0
549;Esports;241528;CS GO: ESL Australia & NZ;0
549;Esports;45961;LoL: NA LCS;0
549;Esports;45972;LoL: LPL;0
549;Esports;45974;LoL: LCK;0
549;Esports;118348;CS GO: ESEA Australia;0
549;Esports;118575;SC2: Gold Series Team Championship;0
549;Esports;90387;Dota2: Professional League;0
549;Esports;134717;LoL: LJL;0
549;Esports;45991;CS GO: Svenska Elitserien;0
549;Esports;45985;LoL: French league 2020;0
549;Esports;45980;KoG: King Pro League;0
549;Esports;45976;Dota2: CDA Professional League;0
549;Esports;45967;Rainbow Six: Pro League;0
549;Esports;162654;NBA2K League;0
549;Esports;45957;LoL: European Masters;0
549;Esports;163862;Dota2: Asia Championship;0
549;Esports;45949;CS GO: ESEA Europe;0
549;Esports;45947;CS GO: ESL Meisterschaft;0
549;Esports;168296;OW: Contenders Europe;0
549;Esports;169216;OW: Contenders;0
549;Esports;45850;Dota2: ESL One Los Angeles ONLINE;0
549;Esports;224012;CS GO: CBCS 2020;0
549;Esports;208777;SC2: TeamLiquid Starleague;0
549;Esports;208894;CS GO: RTP Arena Cup;0
549;Esports;45852;CS GO: Loot.Bet/cs;0
549;Esports;45855;Dota2: JJB Cup;0
549;Esports;45943;CS GO: Cyber.Bet Cup;0
549;Esports;45856;Dota2: ESL One Los Angeles;0
549;Esports;45849;CS GO: ESL Pro League;0
549;Esports;45935;CS GO: Home Sweet Home Cup;0
549;Esports;45858;FIFA: Liga Pro EFootball;0
549;Esports;45860;Dota2: GGBET StayHome Challenge;0
549;Esports;45863;FIFA: eSports Battle;0
549;Esports;130152;FIFA: Esoccer Live Arena;0
550;Tennis;121625;Tennis Point Series - (1st to 4 games TB at 3-all);0
550;Tennis;151977;Marbello Cup Exhibition Series (MatchTieBreak);0
550;Tennis;121624;Int. Tennis Series - (1st to 4 games TB at 3-all);0
550;Tennis;265564;Baltic Tennis League;0
550;Tennis;236660;Grand Slam Tennis Tours MatchPlay 120 Women;0
550;Tennis;45851;VS Open;0
550;Tennis;249064;Liga Pro (MatchTieBreak);0
550;Tennis;151633;Marbello Cup Exhibition Series;0
550;Tennis;264024;US Pro Tennis Series West;0
550;Tennis;60710;Russia Masters;0
550;Tennis;56239;Russia Lyubitelskaya Liga;0
550;Tennis;124015;Australian Open;0
550;Tennis;86354;Int. Tennis Series Set:1st to 4 games, TB at 3-All;0
550;Tennis;246796;O Cup of the CTS President Women;0
550;Tennis;124543;WTA Australian Open;0
550;Tennis;48425;Belarus Pro Series Women;0
550;Tennis;246402;O Cup of the CTS President;0
550;Tennis;77325;Belarus Master League Women;0
550;Tennis;76980;Belarus Master League;0
550;Tennis;236646;Grand Slam Matchplay 120 Series;0
550;Tennis;245713;UTF Ladies Invitational;0
550;Tennis;158502;UTC Pro Match Series - Men;0
550;Tennis;233584;Austrian Pro Series Men;0
550;Tennis;225438;UTR Pro Series - Women (1st to 4 games TB at 3 all;0
550;Tennis;158659;UTR Pro Series - Men (1st to 4 games TB at 3-all);0
550;Tennis;225357;UTR Pro Match Series - Women;0
550;Tennis;219427;Marbello Exhibition Series;0
550;Tennis;113729;ATP Madrid Virtual Pro - 1st to 3 games TB at 3all;0
550;Tennis;45971;Daily Premier Tour;0
550;Tennis;89755;Davis Cup;0
550;Tennis;48501;Belarus Pro Series;0
550;Tennis;46066;Russia Liga Pro;0
550;Tennis;213300;Exo-Tennis Atlanta 2020 - Women (Match TieBreak);0
550;Tennis;263446;Us Pro Tennis Series East;0
550;Tennis;45853;Exhibition Matches;0
550;Tennis;69679;Spring Tour;0
550;Tennis;46074;Bealrus Pro Series;0
550;Tennis;46388;Bealrus Pro Series Women;0
550;Tennis;113796;WTA Madrid Virtual Pro - 1st to 3 games TB at 3all;0
550;Tennis;147253;UTR Pro Match Series - Men;0
550;Tennis;121874;WTA Madrid Virtual Pro (Match of 1 Set);0
550;Tennis;46031;VS Open Doubles;0
550;Tennis;142279;US Pro Tennis Series Women;0
550;Tennis;83052;Exhibition (5 Sets);0
550;Tennis;113529;ATP Madrid Virtual Pro - E-Tennis;0
550;Tennis;48890;Russia Liga Pro (MatchTieBreak);0
550;Tennis;46011;Daily Pro Tour;0
550;Tennis;66883;Int. Tennis Series (1st to 4 games, TB at 3-All);0
550;Tennis;146168;Russia Masters, Pro;0
550;Tennis;263486;US Pro Tennis Series East;0
550;Tennis;228402;Tennis Point Exhibition Series;0
550;Tennis;196753;Exo-Tennis Atlanta 2020 (No adv, Match TieBreak);0
550;Tennis;121875;ATP Madrid Virtual Pro (Match of 1 Set);0
551;Table Tennis;45941;Russia Master League;0
551;Table Tennis;45997;Setka Cup Women;0
551;Table Tennis;92021;Win Cup Women;0
551;Table Tennis;45999;Russia Master League Women;0
551;Table Tennis;263585;German Bundesliga;0
551;Table Tennis;45861;Setka Cup;0
551;Table Tennis;45939;Win Cup;0
551;Table Tennis;45982;Russia Masters Tour;0
551;Table Tennis;45965;ITT Cup, Armenia;0
551;Table Tennis;45854;Moscow Liga Pro;0
551;Table Tennis;203712;Moscow Liga Pro Women;0
551;Table Tennis;45857;TT Star Series;0
551;Table Tennis;83032;TT Cup, Armenia;0
551;Table Tennis;63775;TT Cup Ukraine;0
552;Volleyball;53243;Tajikistan Volleyball;0
552;Volleyball;160601;Russia Pro League - South (Men);0
552;Volleyball;69321;Chinese Taipei TVL (Women);0
552;Volleyball;176744;Belarus Volleyball Challenge Mixed;0
552;Volleyball;101494;Russia Regional League;0
552;Volleyball;238634;Belarus Amateur League Mixed;0
552;Volleyball;226947;Russia Liga Pro Women;0
552;Volleyball;53313;Russia Volleyball Women;0
552;Volleyball;65999;Chinese Taipei TVL (Men);0
552;Volleyball;187612;Russia Liga Pro;0
552;Volleyball;146040;Russia Ural League (Women);0
552;Volleyball;143061;Russia Ural League 2;0
552;Volleyball;142112;Russia Ural League 2 (Women);0
552;Volleyball;260329;Belarus MVL Mixed;0
552;Volleyball;260252;Belarus Amateur League;0
552;Volleyball;183366;Czech Republic Regional League;0
552;Volleyball;203714;Russia Amateur League (Men);0
552;Volleyball;102971;Belarus Volleyball (Women);0
552;Volleyball;172849;Belarus Volleyball Challenge;0
552;Volleyball;187539;Club Friendly;0
552;Volleyball;70375;Russia Liberty League Women;0
552;Volleyball;45937;Kung Volleyball 3v3 (3 Sets);1
552;Volleyball;254389;Venezuela Liga Venezolana De Voleibol;0
552;Volleyball;45859;Russia Ural League;1
553;Ice Hockey;66812;Russia Div. Comet (3 x 10min periods);0
553;Ice Hockey;208497;E Ice Hockey Battle (3 x 3min);0
553;Ice Hockey;211074;E Ice Hockey / NHL20: Live Arena (3 x 4min);0
553;Ice Hockey;52792;E icehockey (3 x 4min) NHL20 LigaPro;0
553;Ice Hockey;58430;Belarus (3 x 15min periods);0
553;Ice Hockey;66439;Russia Div Comet (3 x 10min periods);0
553;Ice Hockey;54443;Belarus Amateur;0
553;Ice Hockey;204358;E Ice Hockey / Live Arena (3 x 4min);0
553;Ice Hockey;97603;Russia Short League (3 x 7min periods);0
553;Ice Hockey;52791;E icehockey Battle (3 x 3min);0
553;Ice Hockey;208681;E Ice Hockey / NHL20 Liga Pro (3 x 4min);0
553;Ice Hockey;90586;Belarus Amateur (3 x 20min straight time);0
553;Ice Hockey;148732;E icehockey Dream League;0
553;Ice Hockey;220144;E Ice Hockey / Cyber Live Arena (3 x 4min);0
553;Ice Hockey;45862;Russia Liga Pro (3 x 10min periods);0
553;Ice Hockey;213449;E Ice Hockey / NHL20: Liga Pro (3 x 4min);0
553;Ice Hockey;148213;E icehockey Live Arena (3 x 4min);0
553;Ice Hockey;86185;Club Friendlies (3 x 20min straight time);0
553;Ice Hockey;57291;E Ice Hockey / NHL20 LigaPro (3 x 4min);0
559;Darts;176555;Modus Champions Series;0
559;Darts;71107;Remote Darts League;0
559;Darts;219399;Iso Darts Challenge;0
559;Darts;45879;Icons of Darts Live League;1
559;Darts;60963;PDC Home Tour;0
559;Darts;209375;German Super League;0
559;Darts;45883;Czech Premier League Darts;1
559;Darts;52793;A Night at the Darts;0
559;Darts;45885;Darts at Home Exhibition;1
559;Darts;223270;ISO Darts Challenge;0
561;Golf;209827;Laurel Oak Spring Classic;0
561;Golf;238579;Southern Dunes Classic;0
561;Golf;46065;Arrowhead Classic;0
561;Golf;46059;Union Hills;0
561;Golf;118188;Maridoe Samaritan Fund Invitational;0
561;Golf;45892;Champions Tour Money List;0
561;Golf;211579;The Match - Champions for Charity;0
561;Golf;45890;PGA Tour 2019/20 Specials;0
561;Golf;45891;LPGA Money List;0
561;Golf;45889;Major Specials;0
561;Golf;45886;Apache Creek;0
561;Golf;45881;Orange Tree Classic;0
561;Golf;209835;TPC Champions Classic;0
561;Golf;209799;Dallas Cup Series - Alta Mesa;0
561;Golf;158991;US PGA Championship;0
561;Golf;132405;Desert Canyon;0
561;Golf;132502;The Legacy Classic;0
561;Golf;263046;KLPGA Cantana Ladies Open;0
561;Golf;173735;Scottsdale Arizona Open;0
561;Golf;136417;Ritz Carlton Spring Classic;0
561;Golf;260404;For the Kids;0
561;Golf;260373;The Player Championship;0
561;Golf;260362;Coral Springs;0
561;Golf;260351;Lone Tree Classic;0
561;Golf;179027;McIlroy/Johnson vs Fowler/Wolff;0
561;Golf;246746;Troon North Pinnacle;0
561;Golf;103467;Longbow;0
561;Golf;103559;GCU Championship;0
561;Golf;184430;KLPGA Championship;0
561;Golf;72406;Legacy Shootout;0
561;Golf;235641;Ryder Cup;0
561;Golf;69681;Las Colinas;0
562;Chess;52583;Magnus Carlsen Invitational;0
562;Chess;56864;Pepe Cuenca Invitational;0
562;Chess;204053;Lindores Abbey Rapid Challenge;0
562;Chess;45882;Banter Blitz Cup;1
563;Snooker;250464;Championship League Snooker;0
563;Snooker;129152;Armenian Snooker Cup;0
563;Snooker;45884;World Championship;1
563;Snooker;172957;6 Red Spring Cup;0
564;Basketball;126750;Nicaragua Basketball League;0
564;Basketball;124307;Club Friendlies;0
564;Basketball;146005;Chinese Taipei WSBL;0
564;Basketball;129823;3x3 Korea Premier League;0
564;Basketball;203572;Russia Galaxy League Women;0
564;Basketball;257074;Germany Bundesliga BBL;0
564;Basketball;46046;Tajikistan Northern Cup;0
564;Basketball;85670;Nicaragua Torneo Carlos Ulloa;0
564;Basketball;45959;Russia League (2x10 min);0
564;Basketball;253394;Vietnam Regional League;0
564;Basketball;52430;Taiwan SSU League;0
564;Basketball;46003;3x3 Matches;0
564;Basketball;119469;Belarus Pro Series;0
564;Basketball;202353;Russia Galaxy League;0
564;Basketball;45888;Chinese Taipei Super League;0
564;Basketball;82310;Turkmenistan Basketball League;0
564;Basketball;242203;Tajikistan Basketball League;0
564;Basketball;186453;Cameroon Basketball League;0
565;TV Events;197222;Norwegian Melodi Grand Prix;0
565;TV Events;253319;Farmen;0
565;TV Events;56687;Let´s Dance;0
565;TV Events;45893;Stjärnornas Stjärna;0
565;TV Events;46039;Idol;0
565;TV Events;46072;Big Brother;0
573;Football;45953;Club Friendlies;0
573;Football;45907;Tajikistan Vysshaya Liga;0
573;Football;173177;South Korea K League 1;0
573;Football;173185;Germany Bundesliga;0
573;Football;45917;Norwegian Regionsligaen 3;0
573;Football;172724;Germany 2. Bundesliga;0
573;Football;198150;Faroe Islands 1. Deild;0
573;Football;46055;Belarus 7x7 (50 mins);0
573;Football;90265;Peru Primera División;0
573;Football;231725;Estonia Esiliiga A;0
573;Football;253165;Turkmenistan 1. League;0
573;Football;231821;Serbian SuperLiga;0
573;Football;45914;Norwegian 2. Division - 2;0
573;Football;124016;South Korea K-League;0
573;Football;222975;Club Friendlies Youths;0
573;Football;232116;Croatian Cup;0
573;Football;46064;Burundi Cup;0
573;Football;252533;Serbia PrvaLiga;0
573;Football;66856;Belarus 2. League;0
573;Football;45919;Norwegian Regionsligaen 4;0
573;Football;262744;Poland II Liga;0
573;Football;45920;Norwegian Regionsligaen 1;0
573;Football;262743;Poland I Liga;0
573;Football;45912;Belarus Premier League;0
573;Football;82316;Russia Liga Pro 6x6 (40mins);0
573;Football;238527;Norwegian 4 Div - Sogn og Fjordane;0
573;Football;221659;Czech Republic 1. League;0
573;Football;233553;Faroe Islands 1. Deild Women;0
573;Football;51783;Belarus 1. League;0
573;Football;209146;Hungarian Cup;0
573;Football;243434;Austrian Bundesliga;0
573;Football;238526;Norwegian 4 Div - Indre Østland;0
573;Football;262615;Vietnam - National Championship U19;0
573;Football;45989;South African Premier League;0
573;Football;262606;Israel Liga Leumit;0
573;Football;231958;Israeli Ligat-A1;0
573;Football;231856;Costa Liga de Ascenso;0
573;Football;242641;Polish 1st division;0
573;Football;258178;Greece - Super League;0
573;Football;223565;Denmark Super League;0
573;Football;91381;Euro 2021;0
573;Football;202767;Estonia - Meistriliiga;0
573;Football;247833;Portugal Primeira Liga;0
573;Football;90388;Swedish Allsvenskan;0
573;Football;227105;NordicBet LIGA;0
573;Football;247585;Serbia LAV Cup;0
573;Football;230401;Estonian II Liiga Louna-Laas;0
573;Football;247342;Estonia - Eliitliiga U19;0
573;Football;263592;Bulgaria - FPL;0
573;Football;214501;Czech Second League;0
573;Football;263693;Montenegro Youth League;0
573;Football;87118;Spesialer;0
573;Football;46009;Taiwan Premier League;0
573;Football;258084;Austrian Erste Liga;0
573;Football;222697;Armenian Premier League;0
573;Football;173178;South Korea K League 2;0
573;Football;262888;Romania Divizia A;0
573;Football;265667;Austria Bundesliga;0
573;Football;247218;Poland Div 2;0
573;Football;265719;Russia U21;0
573;Football;257054;Estonia II Liiga Louna/Lääs;0
573;Football;246960;Austria ÖFB Cup;0
573;Football;45915;Norwegian Regionsligaen 5;0
573;Football;146127;Belarus 8x8 (50 mins);0
573;Football;257042;Estonia II Liiga Ida/Põhi;0
573;Football;237468;Swedish Superettan;0
573;Football;257041;Estonia II Liiga Louna/Laas;0
573;Football;230916;Germany 3. Liga;0
573;Football;45916;Norwegian Regionsligaen 2;0
573;Football;209147;Czech First League;0
573;Football;46015;Burundi Ligue B;0
573;Football;70433;Turkmenistan Youth League;0
573;Football;240917;Costa Rica Liga de Ascenso;0
573;Football;256048;Montenegro 2. CFL;0
573;Football;219925;Estonia Meistriliiga;0
573;Football;220500;Polish Cup;0
573;Football;223564;Czech Republic Regional Leagues;0
573;Football;61964;Belarus Premier League Women;0
573;Football;67805;Turkmenistan Ýokary Liga;0
573;Football;46027;Tajikistan Vyschaya Liga U21;0
573;Football;219898;Costa Rica Primera División;0
573;Football;46033;Burundi Premier League;0
573;Football;253229;Lithuania A Lyga;0
573;Football;231657;Estonia II Liiga Ida-Põhi;0
573;Football;227104;Poland - Ekstraklasa;0
573;Football;46043;Taiwan Football League Women;0
573;Football;145671;Faroe Islands Premier League;0
573;Football;45910;Nicaragua Primera U20;0
573;Football;227752;Austrian ÖFB Samsung Cup;0
573;Football;254727;Israel Ligat Ha´Al;0
573;Football;45913;Norwegian 2. Division - 1;0
573;Football;97741;OBOS-ligaen;0
573;Football;46050;Club Friendlies - Women;0
573;Football;46052;Toppserien - Women Norway;0
573;Football;254116;Croatian 1. HNL;0
573;Football;253936;Slovenian Prva Liga;0
573;Football;45911;Fantasy Matches;0
573;Football;253675;Estonia Meistriliiga Women;0
573;Football;253648;Estonia Esiliiga B;0
573;Football;253478;Montenegro 3. CFL;0
573;Football;246431;Ukraine Premiere League;0
573;Football;46058;Süper Lig Team Bets;0
573;Football;45909;Belarus Cup;0
573;Football;221657;Hungary NB I;0
573;Football;154832;South Korea K-League Challenge;0
573;Football;207774;Competition Specials;0
573;Football;205145;Czech Rep 6x6 (60mins);0
573;Football;238525;Norwegian 4 Div - Nordmøre/Romsdal;0
573;Football;81159;Russia 6x6 (40mins);0
573;Football;250801;Hungary NB I Women;0
573;Football;250773;Germany Bundesliga Women;0
573;Football;221658;Hungary Cup;0
573;Football;241959;Serbia SuperLiga;0
573;Football;209012;Hungarian OTP Bank Liga;0
573;Football;45908;Nicaragua Primera División;0
573;Football;90525;Tajikistan Vyschaya Liga;0
573;Football;234409;Poland Cup;0
573;Football;166071;South Korea FA Cup;0
573;Football;250160;Montenegro 1. CFL;0
573;Football;45955;Belarus Reserve League;0
573;Football;214010;Costa Rica Tourneo de Verano;0
573;Football;222841;Armenia Premier League;0
573;Football;249617;Poland Ekstraklasa;0
573;Football;45918;Norwegian Regionsligaen 6;0
573;Football;98012;Norwegian 4 Div - Sunnmøre;0
573;Football;98011;Norwegian 4 Div - Buskerud;0
573;Football;249223;Syria Premier League;0
573;Football;98517;Transfer Specials;0
573;Football;229754;South Korea Football;0
573;Football;266280;Germany Women Football;0
573;Football;98518;Award Specials;0
573;Football;225370;Vietnam Cup;0
573;Football;221660;Czech Republic FNL;0
573;Football;240863;Montenegro Prva Crnogorska Liga;0
573;Football;98087;Belarus ALF (2 x 35 mins);0
575;Futsal;130043;Belarus Bobruisk League;0
575;Futsal;45945;Belarus Regional League;0
575;Futsal;140672;South Africa Premier League;0
575;Futsal;122001;Armenia Spring League;0
575;Futsal;198015;Belarus Premier League;0
575;Futsal;113030;Champions Series;0
575;Futsal;45952;Belarus Amateur League;0
577;Baseball;235642;MLB Futures;0
577;Baseball;235776;MLB;0
577;Baseball;45963;Nicaragua CNBS;0
577;Baseball;225321;Czech Republic Extraliga;0
577;Baseball;45951;CPBL;0
577;Baseball;78266;Korea KBO - Pre Season;0
577;Baseball;45969;CPBL Minor League;0
577;Baseball;263590;Japan Pre-Season;0
577;Baseball;141473;Korea KBO;0
578;Motorsports;45978;V8 Supercars;0
578;Motorsports;173559;Formula E;0
580;Cricket;45987;eCricket Quarantine Cup;0
580;Cricket;223600;NatWest T20 Blast;0
580;Cricket;246300;Vanautu T10 League;0
580;Cricket;124481;Taipei T10 League;0
580;Cricket;45984;Indian Premier League;0
580;Cricket;53030;Hapur Premier League;0
580;Cricket;226839;Vincy Premier League;0
580;Cricket;225788;Vanuatu Blast;0
581;Handball;46006;Belarus 1st League Women;0
581;Handball;191656;Belarus National Championship (Women);0
581;Handball;85060;Belarus National Championship (Men);0
581;Handball;259854;Club Friendlies;0
583;Politics and Business;46018;US Presidential Election;0
585;Formula 1;67048;F1 Esports Pro League;0
585;Formula 1;173018;Spanish ESport Virtual Grand Prix;0
585;Formula 1;228403;Monaco ESport Virtual Grand Prix;0
585;Formula 1;46053;Race of the World;0
585;Formula 1;125025;Brazilian GP;0
585;Formula 1;172909;Not The GP;0
585;Formula 1;131469;Brazilian ESport Virtual Grand Prix;0
585;Formula 1;67025;Chinese Virtual Grand Prix;0
586;Mixed Martial Arts;245581;Titan FC;0
586;Mixed Martial Arts;56577;M-1 Challenge;0
586;Mixed Martial Arts;132756;UFC;0
586;Mixed Martial Arts;217701;War of Titans;0
586;Mixed Martial Arts;46070;BFC;0
586;Mixed Martial Arts;71165;Cage Legacy;0
586;Mixed Martial Arts;46054;WTKF;0
586;Mixed Martial Arts;194489;Oktagon Undergound;0
586;Mixed Martial Arts;204278;Armia Fight Night;0
586;Mixed Martial Arts;245611;Babilon MMA;0
586;Mixed Martial Arts;79465;Submission Underground;0
586;Mixed Martial Arts;65416;KSW;0
586;Mixed Martial Arts;62153;Fortuna Fighters;0
586;Mixed Martial Arts;149323;UFC Specials;0
586;Mixed Martial Arts;252231;Leon Warriors;0
1351;Specials;48816;TV Specials;0
1456;American Football;63891;NFL Draft Specials;0
1456;American Football;63892;NFL Specials;0
1456;American Football;231957;NFL Season Bets;0
1559;Boxing;124595;Upcoming Fights;0
1578;Cycling;147529;E-Cycling Tour for All;0
1581;Speedway;173845;Grand Prix;1
1592;Rugby League;222675;NRL;0
1597;Australian Rules;232570;AFL;1
