375;Soccer;30707;Brazil Campeonato Paranaense;0
375;Soccer;32794;Togo Second Division;0
375;Soccer;30577;Brazil Campeonato Catarinense;0
375;Soccer;30487;Brazil Campeonato Baiano;0
375;Soccer;37641;Esoccer Ultimate Quaran-Team - 12 mins play;0
375;Soccer;85882;Esoccer ePL Invitational  – 12 mins play;0
375;Soccer;38292;Belarus Amateur League – 70 mins play;0
375;Soccer;28658;Brazil Campeonato Carioca;0
375;Soccer;30730;Brazil Campeonato Pernambucano;0
375;Soccer;43705;Belarus Matches 7x7 - 50 Mins Play;0
375;Soccer;34025;Russia Cup;0
375;Soccer;29916;Zambia League Women;0
375;Soccer;29899;Saudi Arabia Cup;0
375;Soccer;29886;Tunisia Cup;0
375;Soccer;29834;Costa Rica Primera Division;0
375;Soccer;24807;Republic of Ireland First Division;1
375;Soccer;28665;Brazil Campeonato Gaucho;0
375;Soccer;29790;Chile U20 League;0
375;Soccer;37912;Russian Matches 8x8 - 60 mins play;0
375;Soccer;37906;Belarus Amateur League;0
375;Soccer;38447;Russian Matches 8x8 - 50 mins play;0
375;Soccer;187804;Croatia Cup;0
375;Soccer;24752;Belgium First Division A;0
375;Soccer;24779;CONCACAF Champions League;0
375;Soccer;24741;Copa Libertadores;0
375;Soccer;24769;Denmark Division 1;0
375;Soccer;24782;England Championship;0
375;Soccer;24783;England League 1;0
375;Soccer;24784;England League 2;0
375;Soccer;24743;England Premier League;0
375;Soccer;24760;Euro 2020;0
375;Soccer;24763;France Cup;0
375;Soccer;24754;France Ligue 1;0
375;Soccer;24735;Italy Serie B;0
375;Soccer;197445;Serbia Cup;0
375;Soccer;24756;Netherlands Eredivisie;0
375;Soccer;42717;Esoccer Bundesliga Home Challenge - 12 mins play;0
375;Soccer;24772;Poland Ekstraklasa;0
375;Soccer;24785;Portugal Primeira Liga;0
375;Soccer;24745;Scotland Championship;0
375;Soccer;24746;Scotland League One;0
375;Soccer;24747;Scotland League Two;0
375;Soccer;24744;Scotland Premiership;0
375;Soccer;24740;Spain Copa del Rey;0
375;Soccer;24801;South Africa Premier;0
375;Soccer;24757;Spain Primera Liga;0
375;Soccer;24737;Spain Segunda;0
375;Soccer;70581;Turkmenistan Yokary Liga;0
375;Soccer;253844;Montenegro Third League;0
375;Soccer;24759;Turkey Super Lig;0
375;Soccer;24734;Germany Bundesliga II;1
375;Soccer;24806;Republic of Ireland Premier Division;1
375;Soccer;127887;South Korea K-League 1;0
375;Soccer;24804;Iceland League Cup;1
375;Soccer;24802;Germany Regionalliga West;1
375;Soccer;24800;AFC Cup;1
375;Soccer;24799;Poland II Liga;1
375;Soccer;24809;Portugal Segunda Liga;1
375;Soccer;24798;Algeria Cup;1
375;Soccer;24797;Cyprus Division 1;1
375;Soccer;24796;Egypt Division 1;1
375;Soccer;24795;Netherlands Eerste Divisie;1
375;Soccer;24794;Poland Cup;1
375;Soccer;24793;Ukraine Vyscha Liga;1
375;Soccer;24792;Northern Ireland Premier;1
375;Soccer;24790;Womens International;1
375;Soccer;24789;England National League;1
375;Soccer;24788;Czech Republic 2. Liga;1
375;Soccer;24786;Mexico Cup;1
375;Soccer;24778;Germany 3.Liga;1
375;Soccer;24776;Bolivia Apertura;1
375;Soccer;24775;Belgium First Division B Play-Offs;1
375;Soccer;24774;Ecuador Campeonato Nacional;1
375;Soccer;24780;Poland I Liga;1
375;Soccer;24773;Bulgaria First League;1
375;Soccer;24771;Croatia 1.HNL;1
375;Soccer;24767;Sweden Cup;1
375;Soccer;24765;Belgium Cup;1
375;Soccer;24764;Mexico Clausura;1
375;Soccer;26520;World Club Friendlies;0
375;Soccer;37652;Esoccer La Liga Santander Challenge - 18 mins play;0
375;Soccer;170922;South Korea Cup;0
375;Soccer;28457;Finland Cup;0
375;Soccer;42142;Russian Matches 5x5 - 40 mins play;0
375;Soccer;166853;Esoccer GT Leagues - 12 mins play;0
375;Soccer;34724;South Africa National Div 2;0
375;Soccer;24762;Sweden Superettan;1
375;Soccer;24738;USA MLS;1
375;Soccer;24742;Copa do Brasil;1
375;Soccer;24751;Austria Bundesliga;1
375;Soccer;24758;Sweden Allsvenskan;1
375;Soccer;24787;Czech Republic First League;0
375;Soccer;24753;Denmark Superligaen;0
375;Soccer;24761;Euro 2020 Qualifying;0
375;Soccer;24736;France Ligue 2;0
375;Soccer;24755;Germany Bundesliga I;0
375;Soccer;24739;Greece Super League 1;0
375;Soccer;24777;Romania Liga I;0
375;Soccer;68764;Turkmenistan Youth League;0
375;Soccer;26995;Australia Victoria Premier League;1
375;Soccer;27997;Serbia Super Liga;1
375;Soccer;24750;UEFA Champions League;0
375;Soccer;24781;UEFA Europa League;0
375;Soccer;24791;Wales Premier League;1
375;Soccer;24805;Brazil Campeonato Cearense;1
375;Soccer;24768;Copa America;0
375;Soccer;24803;Turkey 1 Lig;0
375;Soccer;41709;Russian Matches 6x6 - 40 mins play;0
375;Soccer;28308;Myanmar League 2;0
375;Soccer;24820;Europe Friendlies;0
375;Soccer;24827;Israel Premier League;0
375;Soccer;24835;Italy Serie A;0
375;Soccer;24839;Norway Eliteserien;0
375;Soccer;28454;India Super League;0
375;Soccer;38993;Esoccer Battle - 8 mins play;0
375;Soccer;158611;South Korea K-League 2;0
375;Soccer;25339;U19 International;1
375;Soccer;24815;Denmark 2. Division Group 2;1
375;Soccer;24845;Scotland FA Cup;1
375;Soccer;24844;Denmark Cup;1
375;Soccer;24843;Germany DFB Pokal;1
375;Soccer;40671;Russian Matches 7x7 - 50 mins play;0
375;Soccer;27362;Bahrain Premier League;1
375;Soccer;51529;Nicaragua Youth League
;0
375;Soccer;24841;World Cup 2018;1
375;Soccer;24840;Switzerland Super League;1
375;Soccer;24838;Scotland League Challenge Cup;1
375;Soccer;24834;Mauritania Division 2;1
375;Soccer;24833;Myanmar U21 League;1
375;Soccer;24832;Peru Primera Division;1
375;Soccer;24831;Israel Leumit Liga;1
375;Soccer;24830;Germany Regionalliga North;1
375;Soccer;24829;Slovenia Prva Liga;1
375;Soccer;24828;Morocco GNF 1;1
375;Soccer;24826;Guatemala Reserve League;1
375;Soccer;24825;Gambia Division 2;1
375;Soccer;24823;Hungary NB I;1
375;Soccer;24822;Romania Liga II;1
375;Soccer;24821;Ukraine Cup;1
375;Soccer;24818;Jordan League;1
375;Soccer;24817;Hungary Cup;1
375;Soccer;24816;Austria 2. Liga;1
375;Soccer;24814;Denmark 2. Division Group 1;1
375;Soccer;24813;England National League South;1
375;Soccer;24812;England National League North;1
375;Soccer;24811;Italy Serie C Group B;1
375;Soccer;24810;Italy Serie C Group A;1
375;Soccer;24808;Argentina Cup;1
375;Soccer;24837;England EFL Trophy;0
375;Soccer;51530;Esoccer eLiga MX - 12 mins play;0
375;Soccer;24824;Colombia Primera A;0
375;Soccer;24842;Coppa Italia;0
375;Soccer;45487;Taiwan University Matches;0
375;Soccer;51528;Nicaragua Clausura;0
375;Soccer;24819;Womens Euro Championships Qual;1
375;Soccer;24836;UEFA Nations League;0
375;Soccer;28683;Brazil Campeonato Mineiro;0
375;Soccer;27762;Argentina Nacional B;1
375;Soccer;28678;Brazil Campeonato Goiano;0
375;Soccer;60106;Tajikistan Vysshaya Liga;0
375;Soccer;27336;International Match;0
375;Soccer;26298;Brazil Campeonato Paulista;1
375;Soccer;26264;Uruguay Apertura;1
375;Soccer;26113;Paraguay Division Profesional;1
375;Soccer;25867;Chile Primera Division;1
375;Soccer;25767;2008 Olympics Asia Qual;1
375;Soccer;103560;Belarus Amateur League - 70 mins play;0
375;Soccer;28520;Russia Division 1;0
375;Soccer;52005;Belarus Reserve League;0
375;Soccer;108563;Belarus Amateur Cup;0
375;Soccer;28043;Australia NPL Queensland;1
375;Soccer;28341;Singapore Premier League;0
375;Soccer;86522;Esoccer ePL Invitational - 12 mins play;0
375;Soccer;28401;Belarus Cup;0
375;Soccer;45592;Taiwan University Matches Women;0
375;Soccer;24749;England FA Cup;0
375;Soccer;231680;Faroe Islands League Women;0
375;Soccer;203529;Austria Cup;0
375;Soccer;52446;Esoccer Live Arena - 10 mins play;0
375;Soccer;24748;Russia Premier League;0
375;Soccer;35834;Belarus Premier League;0
375;Soccer;28137;Algeria Division 1;1
375;Soccer;28133;India I-League;1
375;Soccer;35502;Esoccer Liga Pro - 12 mins play;0
375;Soccer;45744;Esoccer Pro Player Cup - 12 mins play
;0
375;Soccer;24766;France League Cup;1
375;Soccer;35892;Uganda Regional League;0
375;Soccer;198922;South Korea K League 2;0
375;Soccer;56597;Burundi National League B;0
375;Soccer;24770;Australia A-League;0
375;Soccer;27330;UAE Premier League;1
375;Soccer;36258;Euro 2021;0
375;Soccer;39725;Russian Matches 8x8 - 60 mins play
;0
375;Soccer;27636;Latvia Virsliga;1
375;Soccer;27667;Lithuania A Lyga;1
375;Soccer;198921;South Korea K League 1;0
375;Soccer;39418;Esoccer Match - 12 mins play;0
375;Soccer;39256;Esoccer eEuro2020 - 10 mins play;0
375;Soccer;39566;Belarus Matches 8x8 - 50 mins play;0
375;Soccer;199101;Czech Cup;0
375;Soccer;24846;AFC Champions League;0
375;Soccer;31472;Friendlies;0
377;Basketball;45382;Ebasketball 2K League - 4x6mins;0
377;Basketball;25417;Austria Bundesliga;1
377;Basketball;25416;France LFB Women;1
377;Basketball;25415;Mexico Liga ABE;1
377;Basketball;25414;Euroleague Women;1
377;Basketball;25411;Iceland Premier League Women;1
377;Basketball;25408;Czech Republic NBL;1
377;Basketball;25406;Netherlands DBL;1
377;Basketball;35468;Russia MLBL;0
377;Basketball;25422;3x3 League of Europe;0
377;Basketball;27798;France Pro B;0
377;Basketball;25413;Argentina Liga Nacional;1
377;Basketball;27600;Basketball Champions League Americas;0
377;Basketball;51472;Chinese Taipei SBL;0
377;Basketball;53042;Ebasketball Live Arena - 4x5mins;0
377;Basketball;140247;Ebasketball Battle - 4x5mins;0
377;Basketball;37566;Russia Nevskaya 2nd Div;0
377;Basketball;126381;3x3 Korea Premier League;0
377;Basketball;28276;Uruguay Liga;0
377;Basketball;35354;Russia St Petersburg HL Women;0
377;Basketball;37703;3x3 Liga Pro Women;0
377;Basketball;37556;Russia Nevskaya 5th Div;0
377;Basketball;25428;Lithuania LKL 2019/20;0
377;Basketball;25424;Australia NBL 2019/20;0
377;Basketball;25423;Australia NBL 13/03;0
377;Basketball;25410;Australia NBL;0
377;Basketball;25412;NCAAB Extra Games
;1
377;Basketball;27761;British Basketball League;0
377;Basketball;25405;Finland Korisliigan;1
377;Basketball;25402;Denmark Basketligaen;1
377;Basketball;25400;WNCAAB;1
377;Basketball;25397;Puerto Rico Superior Nacional;1
377;Basketball;25419;Slovenia SKL;1
377;Basketball;86268;Turkmеnistan NBLT;0
377;Basketball;52722;Tajikistan Northern Cup;0
377;Basketball;38519;Russia Nevskaya 4th Div;0
377;Basketball;37434;Russia Kopeysk League;0
377;Basketball;25418;Iceland Premier League;1
377;Basketball;27655;France Pro A;0
377;Basketball;25409;Latvia-Estonia BL;1
377;Basketball;25401;Norway BLNO;1
377;Basketball;25403;Poland PLK;1
377;Basketball;25404;VTB United League;0
377;Basketball;25430;Spain Liga ACB 2019/20;0
377;Basketball;25426;NBA Futures 2019/20;0
377;Basketball;25398;NBA;0
377;Basketball;37860;Russia Nevskaya 6th Div;0
377;Basketball;37882;Tajikistan National League;0
377;Basketball;25431;Germany Bundesliga 2019/20;0
377;Basketball;25427;Euroleague 2019/20;0
377;Basketball;29027;Japan B League 1;0
377;Basketball;53855;WNBA Futures 2020;0
377;Basketball;25407;Euroleague;0
377;Basketball;25429;Euro Cup 2019/20;0
377;Basketball;25420;Basketball Champions League;0
377;Basketball;25396;Spain LEB Oro;0
377;Basketball;27684;Germany Bundesliga;0
377;Basketball;37536;Russia Nevskaya 3rd Div;0
377;Basketball;37529;Sudan Premier League;0
377;Basketball;25421;FIBA Europe Cup;0
377;Basketball;51473;Ebasketball 2K League - 4x5mins
;0
377;Basketball;183308;Ebasketball Blitz League - 4x5mins;0
377;Basketball;31515;British BBL Trophy;0
377;Basketball;29011;Australia NBL 15/03;0
377;Basketball;27738;Sweden Basketligan;0
377;Basketball;25399;NCAAB;1
377;Basketball;28477;Turkey BSL;0
377;Basketball;26477;Brazil NBB;0
377;Basketball;25425;NCAAB Championship 2020;0
378;Formula 1;38697;F1 Esport Virtual GP Series – Bahrain GP;0
378;Formula 1;225758;eF1 - Monaco GP;0
378;Formula 1;171930;eF1 - Spanish GP;0
378;Formula 1;25432;Formula 1 Drivers´ Championship 2020;0
378;Formula 1;38623;Not The ... BAH GP;0
378;Formula 1;25434;Australian Grand Prix;0
378;Formula 1;66255;F1 ESport All-Star - Monaco;0
378;Formula 1;45576;F1 Esport Virtual GP Series - Australian GP;0
378;Formula 1;66210;eF1 #NotTheGp Versus 18/04;0
378;Formula 1;124717;eF1 Pro Exhibition - Interlagos;0
378;Formula 1;130403;eF1 - Interlagos;0
378;Formula 1;25433;Formula 1 Constructors´ Championship 2020;0
378;Formula 1;70011;eF1 - Chinese GP;0
379;Motorbikes;42527;eMotoGP - Autodromo del Mugello;0
379;Motorbikes;25436;Moto2 World Championship 2020;0
379;Motorbikes;257767;MotoAmerica Superbikes – Road America #1;0
379;Motorbikes;25435;MotoGP World Championship 2020;0
379;Motorbikes;25438;World Superbikes Championship 2020;0
379;Motorbikes;25437;Moto3 World Championship 2020;0
380;Esports;25468;COD – Call of Duty League – Dallas;0
380;Esports;124052;LOL - VCS Summer Promotion;0
380;Esports;124051;LOL - CBLOL Primeira Etapa Playoffs;0
380;Esports;124673;DOTA2 - OGA Dota Pit;0
380;Esports;121655;CS:GO - eFire Master League NA;0
380;Esports;121654;WCIII - WGL Quals;0
380;Esports;116502;R6 - Six Masters - Match 1;0
380;Esports;120873;CS:GO - ESL One: Road to Rio CIS;0
380;Esports;109000;CS:GO - Mistrzostwa Polski Match 2;0
380;Esports;108999;CS:GO - Mistrzostwa Polski Match 1;0
380;Esports;113781;CS:GO - DreamHack Masters Spring EU;0
380;Esports;89101;CS:GO - DarkHorse League;0
380;Esports;110939;DOTA2 - BEAT Invitational;0
380;Esports;108969;CS:GO - Elisa Invitational;0
380;Esports;91481;DOTA2 - WePlay! Pushka League Div 2;0
380;Esports;109060;CS:GO - Masters League Portugal;0
380;Esports;97451;DOTA2 - Betsafe Invitational;0
380;Esports;119927;SCII - Team Wars;0
380;Esports;121328;DOTA2 - Hephaestus Cup;0
380;Esports;112279;CS:GO - Home Sweet Home Cup Quals;0
380;Esports;121207;CS:GO - Asia Masters;0
380;Esports;113737;CS:GO - Elgiganten League;0
380;Esports;97018;SCII - RAID Shadow Legends;0
380;Esports;103890;DOTA2 - DPL-CDA Promotion;0
380;Esports;114751;CS:GO - DreamHack Masters Spring NA;0
380;Esports;119576;LOL - LDL Spring;0
380;Esports;119575;LOL - BRCC Summer;0
380;Esports;119574;DOTA2 - Realms Collide;0
380;Esports;128028;CS:GO - Swisscom Hero League;0
380;Esports;117107;CS:GO - ESL Mistrzostwa Polski Match 2;0
380;Esports;109107;DOTA2 - DPL-CDA;0
380;Esports;128549;Rocket League - The Brawl Invitation;0
380;Esports;93775;Rocket League - RLSS;0
380;Esports;117083;CS:GO - ESL Mistrzostwa Polski Match 1;0
380;Esports;105359;Rocket League - ANZAC Invitational;0
380;Esports;101815;SCII - Gemini;0
380;Esports;94731;PUBG - Champions League - Finals;0
380;Esports;88095;PUBG - Champions League - Knockouts - A v C;0
380;Esports;200565;DOTA2 - GWB;0
380;Esports;116529;R6 - Six Masters - Match 2;0
380;Esports;86756;DOTA2 - DPL-CDA Quals;0
380;Esports;213926;SCII - aX Code CD;0
380;Esports;131215;DOTA2 - Secondary Pro League;0
380;Esports;131315;DOTA2 - DSPL;0
380;Esports;133703;COD - Call of Duty League - Florida;0
380;Esports;135659;SCII - TeamLiquid StarLeague;0
380;Esports;136245;KOG - KPLGT Upper;0
380;Esports;262793;LOL - Belgian League Summer;0
380;Esports;136877;DOTA2 - Asia Spring Invitational;0
380;Esports;85486;CS:GO - Finnish Esports League;0
380;Esports;85462;SCII - Path of Star;0
380;Esports;85392;CS:GO - LVP Assault Division;0
380;Esports;139118;PUBG - DreamHack Showdown - Groups - B v C;0
380;Esports;85374;CS:GO - Finish Esports League;0
380;Esports;260606;CS:GO - DreamHack Masters Spring - Oceania;0
380;Esports;260575;CS:GO - DreamHack Masters Spring - Asia;0
380;Esports;260321;DOTA2 - BLAST Bounty Hunt;0
380;Esports;260137;CS:GO - BLAST Premier EU Showdown;0
380;Esports;260117;CS:GO - BLAST Premier NA Showdown;0
380;Esports;85156;SCII - ITaX Super Series;0
380;Esports;256254;CS:GO - GWB - Showmatch;0
380;Esports;84009;PUBG - Champions League - Knockouts - B v C;0
380;Esports;255590;R6 - European Open Clash;0
380;Esports;255402;DOTA2 - Oceanic League;0
380;Esports;83981;DOTA2 - WePlay! Pushka League Div 1;0
380;Esports;83744;DOTA2 - DPL - CDA Pro League Quals;0
380;Esports;253608;CS:GO - ESL Meisterschaft;0
380;Esports;251792;CS:GO - Gamers Without Borders;0
380;Esports;80908;PUBG - Champions League - Knockouts - A v B;0
380;Esports;250354;SCII - Anonymous Donor Invitational;0
380;Esports;250035;CS:GO - ESL Mistrzostwa Polski;0
380;Esports;78201;CS:GO - Master League Portugal;0
380;Esports;77213;LOL - LPL Spring Playoffs;0
380;Esports;246739;LOL - Mid-Season Showdown;0
380;Esports;265849;CS:GO - ESL European Championship;0
380;Esports;77449;VALORANT - ESPN Esports Invitational;0
380;Esports;77290;LOL - LLA Apertura Playoffs;0
380;Esports;76043;DOTA2 - DPL - CDA Pro League - Wild Card;0
380;Esports;75235;AOV - Arena of Glory;0
380;Esports;245247;WoW - MDI Spring Finals;0
380;Esports;75200;AOV - Star League;0
380;Esports;243757;CS:GO - ESL Turkey;0
380;Esports;74926;AOV - Garena Challenger Series;0
380;Esports;72184;CS:GO - ESL One: Road to Rio EU;0
380;Esports;72189;CS:GO - ESL One: Road to Rio NA;0
380;Esports;72202;CS:GO - ESL One: Road to Rio SA;0
380;Esports;241962;CS:GO - Mythic League;0
380;Esports;73737;CS:GO - Dell Gaming Cup;0
380;Esports;141158;CS:GO - BLAST Rising;0
380;Esports;73663;SCII - The Olsen Files;0
380;Esports;73238;PUBG - Champions League - Groups - 19/04;0
380;Esports;72702;WCIII - AWL;0
380;Esports;72697;WCIII - Reforged Battle Royale;0
380;Esports;71873;Rocket League - ASTRONAUTS Star Circuit;0
380;Esports;62361;LOL - LCK Spring Playoffs;0
380;Esports;117132;LOL - LCK Summer Promotion;0
380;Esports;70935;DOTA2 - WePlay! Pushka League Quals;0
380;Esports;70918;SCII - The Shift;0
380;Esports;70601;LOL - TCL Winter Playoffs;0
380;Esports;70012;DOTA2 - Gaming World;0
380;Esports;70004;CS:GO - SAZKA eLeague;0
380;Esports;69931;CS:GO - ESL Turkey - Match 2;0
380;Esports;69930;CS:GO - ESL Turkey - Match 1;0
380;Esports;265601;PUBG - Thailand Series - Week 2;0
380;Esports;69327;PUBG - Champions League - Groups - 18/04;0
380;Esports;69275;CS:GO - DH Masters Quals;0
380;Esports;69112;Rocket League - Spring Series;0
380;Esports;68850;R6 - 6 Open Cup;0
380;Esports;68660;DOTA2 - Red Bull Gaming World;0
380;Esports;68635;VALORANT - Code Green Invitational;0
380;Esports;240259;Rocket League - Fusion - EU - 3 v 3;0
380;Esports;239754;PUBG - Continental Series - EU - Finals;0
380;Esports;67300;LOL - European Masters Spring;0
380;Esports;66870;Hearthstone - Grandmasters;0
380;Esports;66758;LOL - CK Spring Playoffs;0
380;Esports;144318;CS:GO - ESL One: Road to Rio Oceania;0
380;Esports;66116;HEAR - Grandmasters;0
380;Esports;145006;DOTA2 - Isolation Cup;0
380;Esports;265314;PUBG - CS1 - NA Week 2 - B v C;0
380;Esports;64968;CS:GO - DH Masters Open Quals;0
380;Esports;64351;PUBG - Champions League - Groups - 17/04;0
380;Esports;62411;DOTA2 - Ilusion Spring;0
380;Esports;62410;LOL - TCL Academy Winter Playoffs;0
380;Esports;62392;LOL - NA Academy Playoffs;0
380;Esports;61702;SCII - WardiTV Point Builder;0
380;Esports;235514;DOTA2 - ESL One Birmingham - China;0
380;Esports;235635;Rocket League - Fusion - NA - 3 v 3;0
380;Esports;234867;KOG - KPL Spring Playoffs;0
380;Esports;59065;CS:GO - ESL One: Road to Rio;0
380;Esports;60087;DOTA2 - Arena of Blood Quals;0
380;Esports;60014;PUBG - Champions League - Groups - 16/04;0
380;Esports;58068;LOL - LCL Spring Playoffs;0
380;Esports;147937;SCII - WardiTV Balance Test;0
380;Esports;147953;AOV - Arena of Glory Playoffs;0
380;Esports;232733;DOTA2 - ESL One Birmingham EU & CIS;0
380;Esports;57435;LOL - VCS Spring Playoffs;0
380;Esports;56625;WCIII - World Cyber Athletics Arena;0
380;Esports;231032;CS:GO - BLAST Premier Quals;0
380;Esports;231520;AOV - Road to APL;0
380;Esports;231426;DOTA2 - ESL One Birmingham - NA & SA;0
380;Esports;56223;WCIII - Afreeca League;0
380;Esports;56222;SCII - Global Clan Invitational;0
380;Esports;55883;PUBG - Champions League - Groups - 15/04;0
380;Esports;55221;CS:GO - ESL Italia;0
380;Esports;55059;CS:GO - Fragleague;0
380;Esports;54909;CS:GO - Kayzr League;0
380;Esports;54574;CS:GO - Play From Home;0
380;Esports;228042;Overwatch - OWL May Melee - NA;0
380;Esports;229565;Overwatch - OWL May Melee - Asia;0
380;Esports;151063;CS:GO - ESL One: Road to Rio Asia;0
380;Esports;53578;VALORANT - 100 Thieves Invitational;0
380;Esports;153945;KOG - KPLGT Relegation Playoffs;0
380;Esports;52120;CS:GO - Hussar Cup Quals;0
380;Esports;224244;COD - Call of Duty League - Seattle;0
380;Esports;51711;COD - Call of Duty League - Chicago;0
380;Esports;157470;Overwatch - Contenders - Trials;0
380;Esports;51595;CS:GO - ESL Benelux;0
380;Esports;51495;PUBG - Champions League - Groups - 14/04;0
380;Esports;51494;DOTA2 - ESL Premiership;0
380;Esports;51493;Overwatch - NeXT;0
380;Esports;51492;CS:GO - ESL UK Premiership;0
380;Esports;51491;DOTA2 - SECTOR: MOSTBET;0
380;Esports;51490;DOTA2 - Epic Prime League;0
380;Esports;158539;DOTA2 - Cyber.bet Cup - EU Quals;0
380;Esports;51476;R6 - LPL Pro;0
380;Esports;51489;CS:GO - LOOT.BET/CS;0
380;Esports;51488;DOTA2 - Amadeus Cup;0
380;Esports;51487;KOG - KPLGT Spring Upper;0
380;Esports;51486;KOG - KPLGT Spring Lower;0
380;Esports;51485;CS:GO - Home Sweet Home Cup;0
380;Esports;51484;LOL - PCS Spring Playoffs;0
380;Esports;51483;LOL - OPL Split 1 Playoffs;0
380;Esports;51482;DOTA2 - Oceanic Esports League;0
380;Esports;51481;DOTA2 - BTS Pro Series Americas;0
380;Esports;51480;DOTA2 - BTS Pro Series SEA;0
380;Esports;51479;CS:GO - ESEA MDL Relegation;0
380;Esports;51478;CS:GO - ESL Championnat - Match 2;0
380;Esports;51477;CS:GO - ESL Championnat - Match 1;0
380;Esports;51475;DOTA2 - ESL SEA Championship;0
380;Esports;51474;SCII - GSL Season 1;0
380;Esports;163957;PUBG - Smash Cup;0
380;Esports;165754;CS:GO - ESL Championnat;0
380;Esports;165835;CS:GO - Esport Tour Pro;0
380;Esports;167707;CS:GO - RTP Arena Cup Quals;0
380;Esports;168890;CS:GO - Mythic Cup;0
380;Esports;169928;Rocket League - Telialigaen;0
380;Esports;170625;PUBG - DreamHack Showdown - Final;0
380;Esports;168344;DOTA2 - ESL One Birmingham China;0
380;Esports;166905;DOTA2 - ESL One Birmingham CN Quals;0
380;Esports;222982;CS:GO - CBCS The Rising;0
380;Esports;221347;R6 - GSA League;0
380;Esports;220939;CS:GO - Merkur Masters;0
380;Esports;219618;LOL - LPLOL Spring Cup;0
380;Esports;219406;DOTA2 - ESL One Birmingham - SEA;0
380;Esports;45771;LOL - LCS Spring Playoffs;0
380;Esports;45768;LOL - NA Academy Spring Playoffs;0
380;Esports;45769;DOTA2 - ESL One LA - Online EU & CIS;0
380;Esports;45790;DOTA2 - StayHome Challenge;0
380;Esports;45787;DOTA2 - DPL;0
380;Esports;45739;CS:GO - Telia Esports Series;0
380;Esports;45692;R6 - Spain Nationals;0
380;Esports;45686;R6 - Nordic Championship;0
380;Esports;45679;R6 - Operation League Thailand;0
380;Esports;45675;Overwatch - Shadow Cup Quals;0
380;Esports;45669;CS:GO - LOOT.BET/CS Quals;0
380;Esports;45633;DOTA2 - Movistar Liga Pro Gaming;0
380;Esports;45630;SCII - NeXT Spring;0
380;Esports;45603;CS:GO - ESL Meisterschaft Open;0
380;Esports;219104;PUBG - Continental Series - NA;0
380;Esports;45499;DOTA2 - Hope Development Cup;0
380;Esports;45260;LOL - LEC Spring Playoffs;0
380;Esports;45254;CS:GO - ESL Masters España;0
380;Esports;45296;DOTA2 - LPL Pro League;0
380;Esports;45290;DOTA2 - Masters Tournament;0
380;Esports;45257;DOTA2 - GGbet StayHome Challenge;0
380;Esports;176874;KOG - KPLGT Playoffs;0
380;Esports;45245;CS:GO - HIPFIRED CUP;0
380;Esports;264466;LOL - Dutch League Summer;0
380;Esports;45214;KOG - KPLGT Spring;0
380;Esports;44440;CS:GO - HIPFRIED CUP;0
380;Esports;264388;LOL - LPL Summer;0
380;Esports;42679;DOTA2 - Gold Occupation;0
380;Esports;42616;DOTA2 - CDA League;0
380;Esports;42503;DOTA2 - ESL One LA - Online SEA;0
380;Esports;42497;DOTA2 - ESL One LA - Online SA;0
380;Esports;42493;DOTA2 - ESL One LA - Online NA;0
380;Esports;42494;DOTA2 - ESL One LA - Online CN;0
380;Esports;180407;DOTA2 - Cyber.bet Cup - SEA;0
380;Esports;180427;DOTA2 - Cyber.bet Cup - EU;0
380;Esports;42302;CS:GO - MEGOGO Open;0
380;Esports;42200;R6 - Challenger League - Match 2;0
380;Esports;42197;R6 - Challenger League - Match 1;0
380;Esports;181181;R6 - GWB - APAC;0
380;Esports;42077;R6 - Korea Open;0
380;Esports;41869;LOL - Belgian League Spring Playoffs;0
380;Esports;182878;CS:GO - COOL League;0
380;Esports;40837;CS:GO - PEEK;0
380;Esports;40798;LOL - Dutch League Spring Playoffs;0
380;Esports;217351;CS:GO - Hellcase Cup;0
380;Esports;40622;In-Running;0
380;Esports;40470;WCIII - Gold League;0
380;Esports;40268;DOTA2 - Aorus - StayAtHome;0
380;Esports;185415;R6 - PG Nationals;0
380;Esports;185954;PUBG - Continental Series - APAC;0
380;Esports;187430;CS:GO - ESL Meisterschaft - Relegation;0
380;Esports;189914;DOTA2 - OMG Cup;0
380;Esports;190003;CS:GO - Hungarian National Champs;0
380;Esports;39390;CS:GO - LVP Unity League;0
380;Esports;28685;LOL - LVP Superliga Playoffs;0
380;Esports;39561;DOTA2 - Maxline League Quals;0
380;Esports;39532;R6 - Russian Major League;0
380;Esports;39420;DOTA2 - Chinese Pro Association Quals;0
380;Esports;39214;LOL - UKLC Spring Playoffs;0
380;Esports;189363;DOTA2 - ESL One Birmingham Quals;0
380;Esports;39543;DOTA2 - LPL Pro ANZ;0
380;Esports;38312;Overwatch - OWL Exhibition Match;0
380;Esports;38974;R6 - Pro League;0
380;Esports;38823;DOTA2 - Epic Challenger League;0
380;Esports;38803;SCII - Gold Series Team Champs;0
380;Esports;38010;LOL - CK Spring;0
380;Esports;38333;PUBG - Miracle Star Weekend - 4;0
380;Esports;38225;DOTA2 - Thailand Celestial Cup;0
380;Esports;192933;LOL - Mid-Season Cup;0
380;Esports;37986;CS:GO - ESEA Open;0
380;Esports;37973;LOL - LHE Opening Playoffs;0
380;Esports;37972;LOL - DDH Opening Playoffs;0
380;Esports;37930;The Race - All-Star Esports Battle - Race 2;0
380;Esports;37770;R6 - ESL Premiership;0
380;Esports;37768;R6 - APAC North - Quals;0
380;Esports;37746;SCII - TEA Invitational;0
380;Esports;37745;SCII - Afreeca World;0
380;Esports;37743;DOTA2 - China Professional League;0
380;Esports;37635;SCII - Taco Cup;0
380;Esports;37576;CS:GO - 99Damage League;0
380;Esports;214438;LOL - Underdogs;0
380;Esports;36915;LOL - LCK Spring;0
380;Esports;36987;CS:GO - Telialigaen;0
380;Esports;36945;LOL - Nordic Champs Spring Playoffs;0
380;Esports;36888;DOTA2 - WeSave! Charity Play;0
380;Esports;36720;FIFA - CPVL_ES - I Stay At Home;0
380;Esports;36635;Rocket League - SA Grand Series;0
380;Esports;36602;Rocket League - The Gauntlet;0
380;Esports;36514;Rocket League - Ting of the Hill;0
380;Esports;36442;DOTA2 - Asian Hero League;0
380;Esports;36429;DOTA2 - Red Star Cup;0
380;Esports;36296;DOTA2 - Asia Challenger League;0
380;Esports;214196;LOL - CBLOL Segunda Etapa Promotion;0
380;Esports;214140;LOL - Pulsefire Cup;0
380;Esports;36197;DOTA2 - China Development League;0
380;Esports;198678;VALORANT - Epulze Valorant Prodigies;0
380;Esports;36117;DOTA2 - Epic Origins League;0
380;Esports;198711;VALORANT - Solary Cup;0
380;Esports;36064;CS:GO - Svenska Elitserien;0
380;Esports;198992;LOL - El Nexo Split 1;0
380;Esports;35982;CS:GO - ESEA Advanced;0
380;Esports;201345;PUBG - Continental Series - Asia;0
380;Esports;35559;CS:GO - ESL Meisterschaft - Match 2;0
380;Esports;35558;CS:GO - ESL Meisterschaft - Match 1;0
380;Esports;35531;DOTA2 - No Major No Problem;0
380;Esports;35522;LOL - LJL Spring Playoffs;0
380;Esports;201662;PUBG - Continental Series - EU - Group A v B;0
380;Esports;202699;CS:GO - Weibo Cup;0
380;Esports;203507;CS:GO - RTP Arena Cup;0
380;Esports;35089;R6 - Pro League - Match 2;0
380;Esports;35081;R6 - Pro League - Match 1;0
380;Esports;34879;FIFA - eDivisie;0
380;Esports;34786;CS:GO - eFire Master League;0
380;Esports;34776;KOG - KPL Spring;0
380;Esports;206239;Rocket League - SESL;0
380;Esports;206331;PUBG - Continental Series - EU - Group B v C;0
380;Esports;206332;DOTA2 - SEA Invitational;0
380;Esports;206482;R6 - Benelux League;0
380;Esports;206483;CS:GO - Swiss Esports league;0
380;Esports;206775;DOTA2 - ESL UK Premiership;0
380;Esports;212234;Rocket League - TCS eSports League;0
380;Esports;211739;CS:GO - WINNERS League;0
380;Esports;34012;SCII - GSL Super Tournament;0
380;Esports;33989;SCII - WardiTV;0
380;Esports;33807;Rocket League - The European Invitational;0
380;Esports;31080;DOTA2 - ONE Esports Pro Jakarta IDN Quals;0
380;Esports;31043;DOTA2 - ONE Esports Pro Jakarta IND Quals;0
380;Esports;31170;Overwatch - Contenders Trials;0
380;Esports;31097;SCII - IntoTheAlphaX Pro Circuit;0
380;Esports;31057;CS:GO - SECTOR: MOSTBET;0
380;Esports;29923;CS:GO - Aorus League;0
380;Esports;29804;DOTA2 - GGBET Championship;0
380;Esports;210322;PUBG - Continental Series - EU - Group A v C;0
380;Esports;29074;R6 - Japan Championship;0
380;Esports;29049;Quake - Pro League;0
380;Esports;28979;PUBG - PGS Berlin - KR Finals;0
380;Esports;28742;LOL - Ultraliga Playoffs;0
380;Esports;28712;LOL - Prime League Spring Playoffs;0
380;Esports;25450;LOL - Prime League Spring;0
380;Esports;25446;COD - Call of Duty League;0
380;Esports;25440;LOL - LEC Spring;0
380;Esports;25439;LOL - LPL Spring;1
380;Esports;25447;Overwatch - OWL;0
380;Esports;25452;CS:GO - CLUTCH Season;1
380;Esports;25451;LOL - PCS Spring;1
380;Esports;25449;CS:GO - ESEA MDL;1
380;Esports;25441;LOL - TCL Winter;1
380;Esports;25445;LOL - CBLOL Primeira Etapa;1
380;Esports;25442;LOL - LLA Apertura;1
380;Esports;25443;LOL - LJL Spring;1
380;Esports;25453;DOTA2 - ESL One LA Major;0
380;Esports;25448;LOL - LVP Superliga;1
380;Esports;25455;LOL - LCL Spring;0
380;Esports;25456;LOL - OPL Split 1;0
380;Esports;25457;LOL - Belgian League Spring;0
380;Esports;25458;DOTA2 - The Summit;0
380;Esports;25459;LOL - Ultraliga;0
380;Esports;25460;LOL - LCL Spring Open Cup;0
380;Esports;25461;LOL - UKLC Spring;0
380;Esports;25462;LOL - EBL Season 6;0
380;Esports;25463;LOL - PG Nationals Spring Playoffs;0
380;Esports;25464;LOL - Baltic Masters Playoffs;0
380;Esports;25466;DOTA2 - Arena of Blood;0
380;Esports;25467;DOTA2 - Parimatch League;0
380;Esports;25471;Overwatch - Contenders;0
380;Esports;28673;LOL - LPLOL Spring Playoffs;0
380;Esports;28672;LOL - Greek Legends League Playoffs;0
380;Esports;28671;LOL - EBL Season 6 Playoffs;0
380;Esports;28625;LOL - Dutch League Spring;0
380;Esports;28620;LOL - BRCC Split 1;0
380;Esports;25465;DOTA2 - SIGUL Pro League;1
380;Esports;25470;LOL - LFL Spring Playoffs;1
380;Esports;25454;SC - CasterMuse Starleague;1
380;Esports;25469;CS:GO - LPL Pro League;0
380;Esports;28508;LOL - Nordic Champs Spring;0
380;Esports;27719;SC - Starleague;0
380;Esports;27764;LOL - TCL Academy Winter;0
380;Esports;27809;CS:GO - ESL Pro League;0
380;Esports;28346;SCII - Alpha X Series;0
380;Esports;27850;LOL - Hitpoint Masters Playoffs;0
380;Esports;27835;LOL - LCS Spring;0
380;Esports;25444;LOL - VCS Spring;1
380;Esports;27921;SCII - Alpha Pro Series;0
380;Esports;28098;Rocket League - RLCS;1
380;Esports;28060;CS:GO - Flashpoint;0
380;Esports;28066;CS:GO - ESL ANZ;0
380;Esports;28164;LOL - NA Academy Spring;1
380;Esports;28167;DOTA2 - Hot Price League;1
380;Esports;28089;Rocket League - RLRS;1
381;Rugby League;25478;Challenge Cup 2020;1
381;Rugby League;25474;Challenge Cup;0
381;Rugby League;27050;NSW Cup 2020;0
381;Rugby League;27055;Queensland Cup 2020;0
381;Rugby League;25475;NRL 2020;0
381;Rugby League;28873;NSW Cup;0
381;Rugby League;28882;Queensland Cup;0
381;Rugby League;25473;Super League;0
381;Rugby League;25479;World Cup 2021;0
381;Rugby League;25477;State of Origin 2020;1
381;Rugby League;25472;NRL;0
381;Rugby League;202922;International;0
381;Rugby League;25476;Super League XXV;0
382;Rugby Union;25491;European Rugby Challenge Cup 2019/20;0
382;Rugby Union;28428;Six Nations U20;0
382;Rugby Union;25489;Six Nations 2020;0
382;Rugby Union;28930;Global Rapid Rugby - 70 mins play;0
382;Rugby Union;25490;European Rugby Champions Cup 2019/20;0
382;Rugby Union;28429;Premiership Rugby Cup;0
382;Rugby Union;25492;World Cup 2023;0
382;Rugby Union;25483;Premiership Rugby 2019/20;0
382;Rugby Union;25486;European Rugby Champions Cup;0
382;Rugby Union;218837;Super Rugby Aotearoa 2020;0
382;Rugby Union;25482;Pro 14 Rugby 2019/20;0
382;Rugby Union;25487;European Rugby Challenge Cup;0
382;Rugby Union;25488;Lions Tour 2021;0
382;Rugby Union;28422;Welsh Premiership;0
382;Rugby Union;25493;World Rugby Sevens Series  2019/20;0
382;Rugby Union;25481;Super Rugby;0
382;Rugby Union;25484;French Rugby Championship 2019/20;0
382;Rugby Union;28850;Super W;0
382;Rugby Union;217004;Super Rugby Aotearoa;0
382;Rugby Union;25480;Six Nations;0
382;Rugby Union;25485;Super Rugby 2020;0
383;Tennis;258506;Daily Pro Tour Women;0
383;Tennis;51944;Belarus Championship Women;0
383;Tennis;25502;Challenger Potchefstroom MD;1
383;Tennis;51496;Friendship Cup;0
383;Tennis;25499;2020 US Open Women;0
383;Tennis;137555;Smash Cup;0
383;Tennis;235032;Austrian Pro Series;0
383;Tennis;39503;Russia Liga Pro Women;0
383;Tennis;26243;Challenger Potchefstroom;1
383;Tennis;42642;Exihibition MD;0
383;Tennis;41548;Russia Masters Pro MD;0
383;Tennis;45738;2021 Wimbledon;0
383;Tennis;45730;2021 Wimbledon Women;0
383;Tennis;118961;eMadrid Open Virtual Pro Women;0
383;Tennis;26170;Challenger Nur-Sultan;1
383;Tennis;25496;2020 Wimbledon Women;0
383;Tennis;81072;Belarus Championship;0
383;Tennis;120104;2014 Australian Open;0
383;Tennis;118757;eMadrid Open Virtual Pro;0
383;Tennis;25497;2020 Wimbledon;0
383;Tennis;37220;Daily Premier Tour;0
383;Tennis;124053;Belarus Masters League MD;0
383;Tennis;25498;2020 US Open;0
383;Tennis;180980;Belarus Masters League WD;0
383;Tennis;80762;Daily Challenge Tour;0
383;Tennis;141371;US Pro Tennis Series Women;0
383;Tennis;97163;Liga Pro;0
383;Tennis;150989;Marbello Cup Exhibition Series;0
383;Tennis;80496;Belarus Masters League Women;0
383;Tennis;36269;Exhibition;0
383;Tennis;241963;Czech Tennis Association Cup Women;0
383;Tennis;241964;Czech Tennis Association Cup;0
383;Tennis;36586;Russia Masters Pro;0
383;Tennis;36573;Russia Masters;0
383;Tennis;244738;UTF Invitational Women;0
383;Tennis;248397;Bulgaria Liga Pro;0
383;Tennis;101930;Daily Pro Tour;0
383;Tennis;36234;Russia Liga Pro;0
383;Tennis;25494;2020 French Open Women;0
383;Tennis;213201;Friendship Matches;0
383;Tennis;68049;International Tennis Series;0
383;Tennis;25501;2021 Australian Open;0
383;Tennis;25500;2021 Australian Open Women;0
383;Tennis;39578;Russia Masters Women;0
383;Tennis;68654;Spring Tour;0
383;Tennis;26975;Challenger Nur-Sultan MD;1
383;Tennis;25495;2020 French Open;0
383;Tennis;80573;Belarus Masters League;0
383;Tennis;265286;Baltic Tennis League;0
384;Boxing/mma;35977;Cage Warriors;0
384;Boxing/mma;25505;Golden Contract Light Heavyweights;0
384;Boxing/mma;254145;Titan;0
384;Boxing/mma;25506;Bellator;0
384;Boxing/mma;37762;GFC 25;0
384;Boxing/mma;25504;UFC;0
384;Boxing/mma;37530;Cage Warriors NJ;0
384;Boxing/mma;109135;Submission Underground;0
384;Boxing/mma;25503;Boxing;0
385;Golf;263186;The 10th Lotte Cantata Ladies Open;0
385;Golf;229979;Troon North Pinnacle;0
385;Golf;230021;Fox Club Two Day;0
385;Golf;230045;Southern Dunes Classic;0
385;Golf;230135;Winter Season Tour Championship;0
385;Golf;128852;The Legacy Classic;0
385;Golf;128806;Desert Canyon;0
385;Golf;25512;2020 The Open Championship;0
385;Golf;164385;Scottsdale AZ Open;0
385;Golf;42849;Laurel Oak Series 2;0
385;Golf;69079;Las Colinas;0
385;Golf;25511;2020 US Open;0
385;Golf;25514;Race to Dubai 2020;1
385;Golf;25518;Bengal Open;0
385;Golf;180168;Moccasin Wallow Spring Classic;0
385;Golf;25509;2020 US Masters;0
385;Golf;44203;Sun City CC;0
385;Golf;210595;Melreese CC;0
385;Golf;44175;Verrado Founders Championship;0
385;Golf;40392;PGA National Champion Course 1-Day Event;0
385;Golf;35630;Paragon Championship;0
385;Golf;133003;Ritz Carlton Spring Classic;0
385;Golf;101106;Longbow;0
385;Golf;101202;GCU Championship;0
385;Golf;219885;Saint Lucie Trail Summer Classic;0
385;Golf;38970;Wigwam Gold;0
385;Golf;38886;Sundance;0
385;Golf;25517;South African Women´s Open;0
385;Golf;51497;Arrowhead Classic;0
385;Golf;51498;Union Hills;0
385;Golf;38738;The Fox Club;0
385;Golf;25516;The Players Championship;0
385;Golf;25507;Specials;0
385;Golf;246076;Florida Club;0
385;Golf;38637;Ritz Carlton Series 4;0
385;Golf;35972;Moon Valley Classic;0
385;Golf;259052;Fore The Kids;0
385;Golf;255251;The Player Championship;0
385;Golf;255147;Lone Tree Classic;0
385;Golf;255134;Coral Springs 2 Day;0
385;Golf;207374;TPC Champions Classic;0
385;Golf;207031;Alta Mesa CC;0
385;Golf;207030;Laurel Spring Classic;0
385;Golf;197969;The Match: Champions for Charity;0
385;Golf;154481;Driving Relief Skins;0
385;Golf;236991;8th E1 Charity Open;0
385;Golf;181011;KLPGA Championship;0
385;Golf;25513;PGA Money List 2019/2020;0
385;Golf;25515;LPGA Money List 2020;0
385;Golf;37056;The Shire Open;0
385;Golf;25510;2020 PGA Championship;0
385;Golf;25508;2020 Ryder Cup;0
385;Golf;69344;Legacy Shootout;0
386;American Football;25523;XFL Futures 2020;0
386;American Football;25520;XFL;0
386;American Football;25521;CFL Futures 2020;0
386;American Football;25519;NFL Futures 2020/21;0
386;American Football;205115;Eamericanfootball – 4x5mins;0
386;American Football;25522;NCAAF Futures 2020/21;0
386;American Football;32263;NFL;0
1517;Badminton;114681;Shuttle Masters Cup MD;0
1517;Badminton;91084;Infinity Cup MD;0
1517;Badminton;109601;Shuttle Masters Cup Women;0
1517;Badminton;91083;Infinity Cup;0
1517;Badminton;114704;Shuttle Masters Cup WD;0
1517;Badminton;141079;Infinity Cup Women;0
1517;Badminton;109481;Shuttle Masters Cup;0
1517;Badminton;263451;Shuttle Masters Cup XD;0
1518;Cricket;172882;Goa Pro League;0
1518;Cricket;91085;World Cup 2023;0
1518;Cricket;91086;Ashes Series 2021/22;0
1518;Cricket;266134;Finnish Premier league T20;0
1518;Cricket;91088;The Hundred 2020;0
1518;Cricket;103539;T10 League;0
1518;Cricket;91087;T20 World Cup 2020;0
1518;Cricket;219543;Vincy Premier League T10;0
1518;Cricket;217105;Hapur Premier League;0
1519;Cycling;91090;World Championships 2020;0
1519;Cycling;166831;Tour of Flanders 2020;0
1519;Cycling;166786;Paris-Roubaix 2020;0
1519;Cycling;91089;Tour de France 2020;0
1519;Cycling;168110;Nagoya F1;0
1520;Darts;91092;A Night at The Darts 2020;0
1520;Darts;91091;PDC World Championship 2021;0
1520;Darts;174244;Modus Champions Series 2020;0
1520;Darts;203724;German Super League 2020;0
1520;Darts;216969;ISo Darts Challenge 2020;0
1520;Darts;91565;Icons of Darts Live League 2020;0
1520;Darts;91093;PDC Home Tour 2020;0
1520;Darts;219555;ISO Darts Challenge 2020;0
1520;Darts;91095;Czech Premier League Darts 2020;0
1520;Darts;91094;Remote Darts League 2020;0
1521;Ice Hockey;91096;Belarus AHL;0
1522;Indy;91097;eINDYCAR iRacing Challenge - COTA;0
1523;Italy;91098;Davide Di Donatello 2020;0
1524;Nascar/cart;122321;eNASCAR Pro Invitational - Dover;0
1524;Nascar/cart;113345;eNASCAR iRacing Series - Dover;0
1524;Nascar/cart;235069;Alsco 300;0
1524;Nascar/cart;91099;eNASCAR Pro Invitational - Talladega;0
1524;Nascar/cart;107288;eNASCAR Real Sim Racing - Talladega;0
1524;Nascar/cart;253246;Cheddars 300;0
1524;Nascar/cart;252999;Supermarket Heroes 500;0
1524;Nascar/cart;230191;CocaCola 600;0
1524;Nascar/cart;236968;Truck Series-NC Education Lottery 200;0
1524;Nascar/cart;213612;Toyota 500(k);0
1524;Nascar/cart;237053;Alsco 500(k);0
1524;Nascar/cart;152695;eNASCAR Pro Invitational - North Wilkesboro;0
1524;Nascar/cart;123395;eNASCAR Saturday Night Thunder - Dover;0
1524;Nascar/cart;102007;eNASCAR Saturday Night Thunder - Talladega;0
1524;Nascar/cart;171881;eNASCAR iRacing Series - Charlotte;0
1524;Nascar/cart;191512;Darlington 400;0
1524;Nascar/cart;213432;Toyota 200 at Darlington;0
1524;Nascar/cart;191440;2020 Nascar Cup Series Championship;0
1525;North America;91100;US Presidential Election 2020;0
1525;North America;91101;2020 Democrat Candidate;0
1525;North America;187340;Democrat Candidate 2020;0
1525;North America;182653;Republican Candidate 2020;0
1526;Other Motor Sports;172028;eMotorsport IMSA iRacing - Road America;0
1526;Other Motor Sports;202776;eMotorsport Porsche Supercup Monza - Race 1;0
1526;Other Motor Sports;131341;eMotorsports The Race Sim Masters Sepang - Race 1;0
1526;Other Motor Sports;171753;eMotorsport SRO GT Pro - Spa;0
1526;Other Motor Sports;91102;eMotorsport - Legends Trophy - Race 1;0
1526;Other Motor Sports;103040;eMotorsports - Sim Driver Race;0
1526;Other Motor Sports;91103;eMotorsport Porsche Supercup Spa - Race 1;0
1526;Other Motor Sports;95376;eMotorsport GT Pro Sebring - Sprint Race;0
1526;Other Motor Sports;103086;eMotorsports - Pro Driver Race 2;0
1526;Other Motor Sports;103130;eMotorsports - All-Star Final;0
1526;Other Motor Sports;103063;eMotorsports - Pro Driver Race 1;0
1526;Other Motor Sports;122502;eMotosport Porsche iRacing Supercup Zandvoort - Race 1;0
1526;Other Motor Sports;107333;eMotorsport IMSA iRacing - Mid Ohio;0
1526;Other Motor Sports;173251;eMotorsports The Race Sim Masters Estoril - Race 1;0
1526;Other Motor Sports;233988;eMotorsport IMSA iRacing -  Virginia International Raceway;0
1527;Snooker;228343;Championship League Snooker 2020;0
1527;Snooker;91104;World Championship 2020;1
1527;Snooker;252970;Championship League Snooker;0
1527;Snooker;140206;Six Red Spring Cup 2020;1
1527;Snooker;91105;Six Red Spring Cup;1
1528;Supercars;216291;eSupercars Daytona Speedway Race 1;0
1528;Supercars;120576;eSupercars Watkins Glen Race 2;0
1528;Supercars;218060;eSupercars Daytona Roval Race 1;0
1528;Supercars;91107;eSupercars Watkins Glen Race 1;0
1528;Supercars;245585;eSupercars Phillip Island Race 1;0
1528;Supercars;91106;eSupercars Montreal Race 1;0
1528;Supercars;245219;eSupercars Interlagos Race 1;0
1528;Supercars;124054;eSupercars Spa Race 1;0
1528;Supercars;191963;eSupercars Circuit of the Americas Race 3;0
1528;Supercars;191819;eSupercars Circuit of the Americas Race 2;0
1528;Supercars;152984;eSupercars Spa Race 3;0
1528;Supercars;219796;eSupercars Daytona Roval Race 2;0
1528;Supercars;218048;eSupercars Charlotte Motor Speedway Race 1;0
1528;Supercars;176173;eSupercars Circuit of the Americas Race 1;0
1528;Supercars;152851;eSupercars Spa Race 2;0
1528;Supercars;246897;eSupercars Interlagos Race 2;0
1528;Supercars;265747;eSupercars Michigan International Speedway Race 1;0
1528;Supercars;216292;eSupercars Talladega SuperSpeedway Race 1;0
1529;Sweden;199019;SVT Eurovision 2020;0
1529;Sweden;91108;Let´s Dance 2020;0
1530;Table Tennis;91109;Moscow Liga Pro;0
1530;Table Tennis;91113;Masters Liga B;0
1530;Table Tennis;193207;Adrian Dodean;0
1530;Table Tennis;177593;China Liga Pro;0
1530;Table Tennis;134305;Pro Spin Series;0
1530;Table Tennis;96474;Art Cup;0
1530;Table Tennis;91114;Armenia TT Cup;0
1530;Table Tennis;91110;Setka Cup;0
1530;Table Tennis;108680;Masters Liga C;0
1530;Table Tennis;91115;Armenia TT Cup Women;0
1530;Table Tennis;91200;Ukraine Win Cup Women;0
1530;Table Tennis;100854;TT Cup Ukraine;0
1530;Table Tennis;106341;Boom Cup Women;0
1530;Table Tennis;119578;TT Cup Ukraine Women;0
1530;Table Tennis;113061;Brazil Exhibition Autumn League;0
1530;Table Tennis;95856;Boom Cup;0
1530;Table Tennis;91111;Ukraine Win Cup;0
1530;Table Tennis;92262;Setka Cup Women;0
1530;Table Tennis;137387;Art Cup Mixed;0
1530;Table Tennis;203406;Liga Pro;0
1530;Table Tennis;95776;Masters Liga A Women;0
1530;Table Tennis;108303;Challenger Ochsenhausen;0
1530;Table Tennis;182865;Czech Liga Pro;0
1530;Table Tennis;91112;Masters Liga A;0
1530;Table Tennis;91299;Czech TT Star Series;0
1531;Trotting;91123;Kilmore;1
1531;Trotting;129361;Sweden - Årjäng;1
1531;Trotting;120247;Tamworth;1
1531;Trotting;121947;Sweden - Boden;1
1531;Trotting;121946;Sweden - Bergsåker;1
1531;Trotting;91126;Today´s Specials;1
1531;Trotting;120248;Penrith;1
1531;Trotting;91125;Gloucester Park;1
1531;Trotting;124320;Sweden - Dannero;1
1531;Trotting;91124;Albion Park;1
1531;Trotting;256277;Cambridge;0
1531;Trotting;91254;Sweden - Åby;1
1531;Trotting;246928;Addington;0
1531;Trotting;102101;Redcliffe;1
1531;Trotting;91122;Mildura;1
1531;Trotting;112450;Sweden - Hagmyren;1
1531;Trotting;112699;Sweden - Mantorp;1
1531;Trotting;112700;Sweden - Färjestad;1
1531;Trotting;124321;Sweden - Rättvik;1
1531;Trotting;210735;Denmark - Charlottenlund;0
1531;Trotting;121945;Sweden - Åmål;1
1531;Trotting;91121;Wagga;1
1531;Trotting;107524;Bendigo;1
1531;Trotting;134464;Sweden - Vaggeryd;1
1531;Trotting;91120;Sweden - Örebro;1
1531;Trotting;112634;Terang;1
1531;Trotting;172316;Stawell;0
1531;Trotting;91119;Sweden - Gävle;1
1531;Trotting;252732;Ascot Park;0
1531;Trotting;91118;Menangle;1
1531;Trotting;101615;Sweden - Romme;1
1531;Trotting;118031;Bathurst;1
1531;Trotting;117549;Sweden - Axevalla;1
1531;Trotting;129359;Sweden - Solänget;1
1531;Trotting;107140;Sweden - Solvalla;1
1531;Trotting;165490;Melton Day;0
1531;Trotting;91117;Melton;1
1531;Trotting;102103;Pinjarra;1
1531;Trotting;102102;Shepparton;1
1531;Trotting;95833;Bunbury;1
1531;Trotting;95831;Globe Derby;1
1531;Trotting;117859;Sweden - Umåker;1
1531;Trotting;95832;Newcastle;1
1531;Trotting;134871;Marburg;1
1531;Trotting;129875;Cranbourne;1
1531;Trotting;176517;Sweden - Tingsryd;0
1531;Trotting;91116;Elitloppet 2020;1
1531;Trotting;171754;Sweden - Lindesberg;0
1531;Trotting;117860;Sweden - Jägersro;1
1531;Trotting;118030;Ballarat;1
1531;Trotting;95268;Sweden - Bollnäs;1
1531;Trotting;129360;Sweden - Halmstad;1
1531;Trotting;158112;Sweden - Skellefteå;0
1531;Trotting;145989;Sweden - Eskilstuna;0
1531;Trotting;101614;Sweden - Visby;1
1531;Trotting;95266;Sweden - Östersund;1
1531;Trotting;95267;Sweden - Kalmar;1
1532;United Kingdom;204706;Eurovision: Come Together 2020;0
1532;United Kingdom;195716;UK General Election;0
1532;United Kingdom;91127;UK Politics - Next Permanent Party Leaders;0
1532;United Kingdom;223732;Next Prime Minister;0
1532;United Kingdom;91128;Britain´s Got Talent - 2020;0
1533;Us Horse Racing;223323;Ruidoso Downs;0
1533;Us Horse Racing;91131;Remington Park;1
1533;Us Horse Racing;257152;Mountaineer Park;0
1533;Us Horse Racing;108842;Fonner Park;1
1533;Us Horse Racing;226917;Lone Star;0
1533;Us Horse Racing;253624;Laurel Park;0
1533;Us Horse Racing;91132;Los Alamitos;1
1533;Us Horse Racing;165562;Churchill Downs;0
1533;Us Horse Racing;193180;Charles Town;0
1533;Us Horse Racing;193181;Golden Gate Fields;0
1533;Us Horse Racing;91130;Oaklawn Park;1
1533;Us Horse Racing;263701;Fort Erie;0
1533;Us Horse Racing;198905;Santa Anita;0
1533;Us Horse Racing;91133;Tampa Bay Downs;1
1533;Us Horse Racing;108843;Will Rogers Downs;1
1533;Us Horse Racing;91129;Gulfstream;1
1534;World;210753;Chess Lindores Abbey Rapid 2020;0
1534;World;91134;New Zealand General Election;0
1534;World;95457;Chess - Magnus Carlsen Invitational;0
1547;Volleyball;226767;Russia South Pro League Women;0
1547;Volleyball;226766;Belarus Volley Challenge Mixed;0
1547;Volleyball;230168;Belarus Volley Challenge;0
1547;Volleyball;237221;Belarus Volley Challenge Women;0
1547;Volleyball;246851;Evolleyball Liga Pro;0
1547;Volleyball;104993;Tajikistan Champions Cup Women;0
1549;Touring Cars;120266;eMotorsport WTCR – Ningbo;0
1549;Touring Cars;108629;eMotorsport WTCR Slovakiaring;0
1565;Rally;130054;eRallycross Invitational - Portugal 2020;0
