16;Basketball;982;Sacramento Kings;0
16;Basketball;984;Memphis Grizzlies;0
16;Basketball;985;Milwaukee Bucks;0
16;Basketball;986;Miami Heat;0
16;Basketball;987;Toronto Raptors;0
16;Basketball;988;Indiana Pacers;0
16;Basketball;989;Brooklyn Nets;0
16;Basketball;990;Orlando Magic;0
16;Basketball;991;Atlanta Hawks;0
16;Basketball;992;Charlotte Hornets;0
16;Basketball;993;Chicago Bulls;0
16;Basketball;994;Washington Wizards;0
16;Basketball;995;New York Knicks;0
16;Basketball;966;Cleveland Cavaliers;0
16;Basketball;965;Detroit Pistons;0
16;Basketball;964;Olympiacos Piraeus;0
16;Basketball;963;Anadolu Efes;0
16;Basketball;21558;NewYorkKnicks;0
16;Basketball;953;Olimpia Milano;0
16;Basketball;949;Valencia Basket;0
16;Basketball;950;Joventut;0
16;Basketball;962;Estrella Roja;0
16;Basketball;933;Monbus Obradoiro;0
16;Basketball;952;Maccabi Tel Aviv;0
16;Basketball;934;CB Miraflores Burgos;0
16;Basketball;935;UCAM Murcia;0
16;Basketball;936;Unicaja Málaga;0
16;Basketball;937;Bàsquet Manresa;0
16;Basketball;938;MoraBanc Andorra;0
16;Basketball;961;Asvel Villeurbanne;0
16;Basketball;960;CSKA Moscú;0
16;Basketball;951;ALBA Berlin;0
16;Basketball;939;Zaragoza Basket;0
16;Basketball;940;Iberostar Tenerife;0
16;Basketball;941;F.C. Barcelona;0
16;Basketball;959;FC Bayern Munchen;0
16;Basketball;958;BC Zenit Saint Petersburg;0
16;Basketball;957;Khimki Moscow Region;0
16;Basketball;956;Zalgiris;0
16;Basketball;942;Bilbao Basket;0
16;Basketball;943;Gran Canaria;0
16;Basketball;944;Baskonia Vitoria;0
16;Basketball;945;Fuenlabrada;0
16;Basketball;946;Real Betis;0
16;Basketball;947;Estudiantes;0
16;Basketball;948;Real Madrid;0
16;Basketball;955;Fenerbahçe;0
16;Basketball;954;Panathinaikos Athens;0
16;Basketball;967;Philadelphia 76ers;0
16;Basketball;968;Boston Celtics;0
16;Basketball;969;Minnesota Timberwolves;0
16;Basketball;970;Portland Trail Blazers;0
16;Basketball;971;Oklahoma City Thunder;0
16;Basketball;972;Houston Rockets;0
16;Basketball;973;LA Clippers;0
16;Basketball;974;LA Lakers;0
16;Basketball;975;Denver Nuggets;0
16;Basketball;976;Utah Jazz;0
16;Basketball;977;Dallas Mavericks;0
16;Basketball;978;Portland Trailblazers;0
16;Basketball;979;San Antonio Spurs;0
16;Basketball;980;New Orleans Pelicans;0
16;Basketball;981;Phoenix Suns;0
16;Basketball;983;Golden State Warriors;0
19;American Football;19192;New Orleans Saints;0
19;American Football;19216;New York Jets;0
19;American Football;19211;Detroit Lions;0
19;American Football;19215;Jacksonville Jaguars;0
19;American Football;19218;Cincinnati Bengals;0
19;American Football;19213;Arizona Cardinals;0
19;American Football;19203;Atlanta Falcons;0
19;American Football;19210;Denver Broncos;0
19;American Football;19199;Seattle Seahawks;0
19;American Football;19214;Carolina Panthers;0
19;American Football;19189;Baltimore Ravens;0
19;American Football;19206;Buffalo Bills;0
19;American Football;19204;Chicago Bears;0
19;American Football;19217;New York Giants;0
19;American Football;19207;Cleveland Browns;0
19;American Football;19196;Dallas Cowboys;0
19;American Football;19193;New England Patriots;0
19;American Football;19194;Green Bay Packers;0
19;American Football;19205;Houston Texans;0
19;American Football;19201;Indianapolis Colts;0
19;American Football;19212;Tampa Bay Buccaneers;0
19;American Football;19190;Kansas City Chiefs;0
19;American Football;19209;Las Vegas Raiders;0
19;American Football;19197;Minnesota Vikings;0
19;American Football;19208;Los Angeles Chargers;0
19;American Football;19200;Los Angeles Rams;0
19;American Football;19202;Tennessee Titans;0
19;American Football;19191;San Francisco 49ers;0
19;American Football;19220;Washington Redskins;0
19;American Football;19198;Pittsburgh Steelers;0
19;American Football;19195;Philadelphia Eagles;0
19;American Football;19219;Miami Dolphins;0
22;Tennis;7894;M. Venus;0
22;Tennis;8026;S. Sanders;0
22;Tennis;7898;B. Bryan;0
22;Tennis;8449;Marin Cilic;0
22;Tennis;8028;J. Fourlis;0
22;Tennis;8005;S. Querrey;0
22;Tennis;8003;S. Johnson;0
22;Tennis;7999;B. Paire;0
22;Tennis;7998;S. Bolelli;0
22;Tennis;8029;Ar. Rodionova;0
22;Tennis;7994;N. Mahut;0
22;Tennis;7993;P.-H. Herbert;0
22;Tennis;8031;C. Lister;0
22;Tennis;8033;D. Collins;0
22;Tennis;8034;A. Rosolska;0
22;Tennis;7990;F. Martin;0
22;Tennis;4415;Lloyd Harris;0
22;Tennis;7989;M. Gonzalez;0
22;Tennis;7988;M. Gonzalez/F. Martin;0
22;Tennis;7986;D. Lajovic;0
22;Tennis;8036;K. Kozlova;0
22;Tennis;8037;M. Linette;0
22;Tennis;8039;D. Jakupovic;0
22;Tennis;4414;Pablo Carreno-Busta;0
22;Tennis;7863;Carla Suárez;0
22;Tennis;4427;Felix Auger Aliassime;0
22;Tennis;7984;N. Cacic;0
22;Tennis;7980;C. Norrie;0
22;Tennis;7979;M. Fucsovics;0
22;Tennis;8075;C. Bellis;0
22;Tennis;7977;J. Withrow;0
22;Tennis;7976;T. Sandgren;0
22;Tennis;4413;N. Mektic;0
22;Tennis;4412;W. Koolhof;0
22;Tennis;4387;J. Vliegen;0
22;Tennis;4386;S. Gille;0
22;Tennis;7909;L. Kubot;0
22;Tennis;4384;A. Sitak;0
22;Tennis;4383;D. Sharan;0
22;Tennis;7974;M. Middelkoop;0
22;Tennis;7907;D. Schwartzman;0
22;Tennis;8119;I.-C. Begu;0
22;Tennis;7790;Alexei Popyrin;0
22;Tennis;7792;Rafael Nadal;0
22;Tennis;7973;M. Demoliner;0
22;Tennis;4399;M. Daniell;0
22;Tennis;7780;Fernando Verdasco;0
22;Tennis;7969;G. Pella;0
22;Tennis;7900;M. Bryan;0
22;Tennis;7876;M. Lopez;0
22;Tennis;7968;P. Cuevas;0
22;Tennis;7966;R. Lindstedt;0
22;Tennis;4377;D. Inglot;0
22;Tennis;7778;Nikoloz Basilashvili;0
22;Tennis;8120;Kr. Pliskova;0
22;Tennis;4389;R. Bopanna;0
22;Tennis;8151;B. Strycova;0
22;Tennis;7904;Y. Uchiyama;0
22;Tennis;4390;H. Kontinen;0
22;Tennis;8040;R. Olaru;0
22;Tennis;7882;M. Purcell;0
22;Tennis;8113;Y.-H. Lee;0
22;Tennis;7965;J. Chardy;0
22;Tennis;4418;E. Roger-Vasselin;0
22;Tennis;7963;M.-K. Song;0
22;Tennis;7962;J. S. Nam;0
22;Tennis;7960;J. Thompson;0
22;Tennis;4406;Feliciano Lopez;0
22;Tennis;7878;A. Ramos-Vinolas;0
22;Tennis;4410;J. Salisbury;0
22;Tennis;7906;G. Duran;0
22;Tennis;4409;R. Ram;0
22;Tennis;7959;L. Hewitt;0
22;Tennis;4430;S. Fichman;0
22;Tennis;7957;V. Pospisil;0
22;Tennis;7884;L. Saville;0
22;Tennis;7887;A. Rublev;0
22;Tennis;7956;H. Hurkacz;0
22;Tennis;8111;L. Stefani;0
22;Tennis;8150;S.-W. Hsieh;0
22;Tennis;8114;F.-H. Wu;0
22;Tennis;7954;B. Soares;0
22;Tennis;7953;M. Pavic;0
22;Tennis;8042;T. Babos;0
22;Tennis;8043;K. Mladenovic;0
22;Tennis;8045;J. Moore;0
22;Tennis;7951;C. O´Connell;0
22;Tennis;8116;D. Krawczyk;0
22;Tennis;4407;Hubert Hurkacz;0
22;Tennis;8110;H. Carter;0
22;Tennis;8072;F. Stollar;0
22;Tennis;8448;Diego Schwartzman;0
22;Tennis;4472;Ashleigh Barty;0
22;Tennis;4471;Danielle Collins;0
22;Tennis;4470;Belinda Bencic;0
22;Tennis;4394;Kyle Edmund;0
22;Tennis;4469;B. Mattek-Sands;0
22;Tennis;8117;J. Pegula;0
22;Tennis;8070;D. Schuurs;0
22;Tennis;4468;S. Kenin;0
22;Tennis;8046;A. Sharma;0
22;Tennis;8446;Sam Querrey;0
22;Tennis;8442;Stefanos Tsitsipas;0
22;Tennis;8048;A. Barty;0
22;Tennis;8444;Yoshihito Nishioka;0
22;Tennis;4395;John Isner;0
22;Tennis;8447;Marton Fucsovics;0
22;Tennis;4397;Denis Shapovalov;0
22;Tennis;8069;K. Peschke;0
22;Tennis;4420;J. Murray;0
22;Tennis;8443;Milos Raonic;0
22;Tennis;8445;Novak Djokovic;0
22;Tennis;8457;Qiang Wang;0
22;Tennis;8085;M. Minella;0
22;Tennis;8067;C. McNally;0
22;Tennis;8122;B. Krejcikova;0
22;Tennis;8066;C. Gauff;0
22;Tennis;7820;Laura Siegemund;0
22;Tennis;8084;A. Kontaveit;0
22;Tennis;7822;Karolina Pliskova;0
22;Tennis;7823;Catherine Bellis;0
22;Tennis;8082;Y. Wang;0
22;Tennis;7824;Karolina Muchova;0
22;Tennis;7825;Yulia Putintseva;0
22;Tennis;7826;Arina Rodionova;0
22;Tennis;8049;J. Goerges;0
22;Tennis;7827;Kiki Bertens;0
22;Tennis;7828;Zarina Diyas;0
22;Tennis;8051;A. Cornet;0
22;Tennis;7829;Anna Blinkova;0
22;Tennis;7830;Svetlana Kuznetsova;0
22;Tennis;4466;Y. Xu;0
22;Tennis;4465;N. Melichar;0
22;Tennis;8052;F. Ferro;0
22;Tennis;4463;Simona Halep;0
22;Tennis;4462;Arnya Sabalenka;0
22;Tennis;4461;A. Klepac;0
22;Tennis;4460;L. Hradecka;0
22;Tennis;8054;Z. Diyas;0
22;Tennis;4458;D. Jurak;0
22;Tennis;4457;G. Dabrowski;0
22;Tennis;8055;E. Rybakina;0
22;Tennis;4455;Dayana Yastremska;0
22;Tennis;4454;Donna Vekic;0
22;Tennis;4453;Lizette Cabrera;0
22;Tennis;4452;Elena Rybakina;0
22;Tennis;4451;Garbine Muguruza;0
22;Tennis;4450;Veronika Kudermetova;0
22;Tennis;4449;Heather Watson;0
22;Tennis;4448;Elise Mertens;0
22;Tennis;4444;H. Watson;0
22;Tennis;4443;A. Rus;0
22;Tennis;4441;Shuai Zhang;0
22;Tennis;4440;Lauren Davis;0
22;Tennis;4439;S. Mirza;0
22;Tennis;4438;N. Kichenok;0
22;Tennis;4436;C. McHale;0
22;Tennis;4435;V. King;0
22;Tennis;4433;T. Zidansek;0
22;Tennis;4432;M. Bouzkova;0
22;Tennis;4429;K. Bondarenko;0
22;Tennis;7831;Camila Giorgi;0
22;Tennis;7833;Alize Cornet;0
22;Tennis;7835;Harriet Dart;0
22;Tennis;8057;G. Minnen;0
22;Tennis;7837;Priscilla Hon;0
22;Tennis;7839;Angelique Kerber;0
22;Tennis;8123;K. Siniakova;0
22;Tennis;7950;A. Harris;0
22;Tennis;7841;Anastasia Pavlyuchenkova;0
22;Tennis;7843;Taylor Townsend;0
22;Tennis;7845;Sara Sorribes;0
22;Tennis;7847;Anett Kontaveit;0
22;Tennis;7848;Ekaterina Alexandrova;0
22;Tennis;7849;Petra Kvitova;0
22;Tennis;8064;J. Teichmann;0
22;Tennis;8081;A. Blinkova;0
22;Tennis;7794;Federico Delbonis;0
22;Tennis;8134;E. Perez;0
22;Tennis;8108;S. Zheng;0
22;Tennis;8135;S. Stosur;0
22;Tennis;7795;Daniil Medvedev;0
22;Tennis;7948;M. Polmans;0
22;Tennis;8137;L. Arruabarrena;0
22;Tennis;7947;J. Duckworth;0
22;Tennis;7943;R. Berankis;0
22;Tennis;7796;Pedro Martinez;0
22;Tennis;8063;K. Muchova;0
22;Tennis;8138;O. Jabeur;0
22;Tennis;8079;A. Sabalenka;0
22;Tennis;8078;E. Mertens;0
22;Tennis;8061;E. Shibahara;0
22;Tennis;8060;S. Aoyama;0
22;Tennis;8125;A.-L. Friedsam;0
22;Tennis;8142;A. Krunic;0
22;Tennis;7941;S. Arends;0
22;Tennis;7851;Alison Riske;0
22;Tennis;7853;Julia Goerges;0
22;Tennis;4380;A. Krajicek;0
22;Tennis;8058;A. Van Uytvanck;0
22;Tennis;7855;Sofia Kenin;0
22;Tennis;7858;Naomi Osaka;0
22;Tennis;8140;N. Stojanovic;0
22;Tennis;8147;T. Maria;0
22;Tennis;4403;T. Puetz;0
22;Tennis;4404;John Millman;0
22;Tennis;8126;L. Siegemund;0
22;Tennis;8145;T. Townsend;0
22;Tennis;8144;K. Flipkens;0
22;Tennis;4421;N. Skupski;0
22;Tennis;7798;Egor Gerasimov;0
22;Tennis;7800;Alexander Zverev;0
22;Tennis;4405;Benoit Paire;0
22;Tennis;7938;J. Munar;0
22;Tennis;7801;Gael Monfils;0
22;Tennis;7802;Ivo Karlovic;0
22;Tennis;4396;Ugo Humbert;0
22;Tennis;7936;J. S. Cabal;0
22;Tennis;7932;T. Paul;0
22;Tennis;7930;T. Fritz;0
22;Tennis;7926;F. Tiafoe;0
22;Tennis;4378;A.-U.-H. Qureshi;0
22;Tennis;7803;Nick Kyrgios;0
22;Tennis;7804;Gilles Simon;0
22;Tennis;7805;Taylor Fritz;0
22;Tennis;7925;U. Humbert;0
22;Tennis;7921;A. Mannarino;0
22;Tennis;7806;Kevin Anderson;0
22;Tennis;7807;Alejandro Tabilo;0
22;Tennis;7920;G. Barrere;0
22;Tennis;7776;Stan Wawrinka;0
22;Tennis;7774;Andreas Seppi;0
22;Tennis;7773;Ernests Gulbis;0
22;Tennis;7808;Tamara Zidansek;0
22;Tennis;7860;Cori Gauff;0
22;Tennis;8128;G. Garcia-Perez;0
22;Tennis;8129;S. Sorribes Tormo;0
22;Tennis;7809;Serena Williams;0
22;Tennis;7862;Iga Swiatek;0
22;Tennis;4446;S. Peng;0
22;Tennis;7918;K. Skupski;0
22;Tennis;7917;S. Gonzalez;0
22;Tennis;7865;Ons Jabeur;0
22;Tennis;7867;Caroline Wozniacki;0
22;Tennis;7871;C. Guccione;0
22;Tennis;8105;L. Zhu;0
22;Tennis;4422;Daniel Evans;0
22;Tennis;7769;Mikael Ymer;0
22;Tennis;7771;Karen Khachanov;0
22;Tennis;7815;Elina Svitolina;0
22;Tennis;7813;Jelena Ostapenko;0
22;Tennis;7873;M. Reid;0
22;Tennis;7817;Ajla Tomljanovic;0
22;Tennis;7767;Roger Federer;0
22;Tennis;8703;Guido Pella;0
22;Tennis;7763;Fabio Fognini;0
22;Tennis;7762;Jordan Thompson;0
22;Tennis;7761;Roberto Bautista;0
22;Tennis;7760;Michael Mmoh;0
22;Tennis;7811;Arantxa Rus;0
22;Tennis;7915;J. Millman;0
22;Tennis;7772;Aljaz Bedene;0
22;Tennis;7758;Dusan Lajovic;0
22;Tennis;8107;Y. Duan;0
22;Tennis;7913;S. Kwon;0
22;Tennis;7756;Marc Polmans;0
22;Tennis;7755;Grigor Dimitrov;0
22;Tennis;7910;M. Melo;0
22;Tennis;7810;Madison Keys;0
22;Tennis;7888;A. Vasilevski;0
22;Tennis;7892;J. Peers;0
22;Tennis;8918;O. Marach;0
22;Tennis;8102;J. Ostapenko;0
22;Tennis;8100;A. Tomljanovic;0
22;Tennis;8909;L. Mayer;0
22;Tennis;8099;M. Sakkari;0
22;Tennis;7754;Tennys Sandgren;0
22;Tennis;8097;A. Guarachi;0
22;Tennis;8096;K. Christian;0
22;Tennis;8132;K. Srebotnik;0
22;Tennis;4392;L. Bambridge;0
22;Tennis;4426;Alex Bolt;0
22;Tennis;4425;Tommy Paul;0
22;Tennis;8131;M. Adamczak;0
22;Tennis;8902;J.-J. Rojer;0
22;Tennis;8914;A. Molteni;0
22;Tennis;4393;B. McLachlan;0
22;Tennis;8855;C.-P. Hsieh;0
22;Tennis;8831;Maria Sakkari;0
22;Tennis;8010;M. Doi;0
22;Tennis;8008;D. Molchanov;0
22;Tennis;7787;David Goffin;0
22;Tennis;8094;I. Bara;0
22;Tennis;7788;Pierre-Hugues Herbert;0
22;Tennis;8093;Ek. Alexandrova;0
22;Tennis;7789;Jaume Munar;0
22;Tennis;7786;Peter Gojowczyk;0
22;Tennis;8104;X. Han;0
22;Tennis;8917;R. Klaasen;0
22;Tennis;8091;M. Ninomiya;0
22;Tennis;8908;F. Delbonis;0
22;Tennis;7753;Matteo Berrettini;0
22;Tennis;4402;F. Nielsen;0
22;Tennis;8090;N. Hibino;0
22;Tennis;8088;A. Riske;0
22;Tennis;8011;M. Niculescu;0
22;Tennis;8013;A. Kalinskaya;0
22;Tennis;8014;Y. Putintseva;0
22;Tennis;8016;V. Kuzmova;0
22;Tennis;8087;V. Kudermetova;0
22;Tennis;4381;F. Skugor;0
22;Tennis;7784;Yuichi Sugita;0
22;Tennis;8017;A. Sasnovich;0
22;Tennis;8019;A. Bozovic;0
22;Tennis;8020;A. Marshall;0
22;Tennis;8022;A. Muhammad;0
22;Tennis;8023;S. Santamaria;0
22;Tennis;8025;P. Hon;0
22;Tennis;7783;Dominic Thiem;0
22;Tennis;4424;Albert Ramos-Vinolas;0
22;Tennis;8906;F. Polasek;0
22;Tennis;8915;H. Nys;0
22;Tennis;8903;H. Tecau;0
22;Tennis;4423;Andrey Rublev;0
22;Tennis;8905;I. Dodig;0
22;Tennis;8148;A. Sevastova;0
22;Tennis;4417;J. Melzer;0
22;Tennis;8073;D. Yastremska;0
22;Tennis;4447;S. Zhang;0
22;Tennis;4400;P. Oswald;0
22;Tennis;8007;R. Albot;0
22;Tennis;7766;Filip Krajinovic;0
22;Tennis;8076;M. Vondrousova;0
22;Tennis;4473;Marketa Vondrousova;0
38;Rugby;244669;Newport Gwent Dragons;0
38;Rugby;8791;Dragons;0
38;Rugby;230825;Francia Femenino;0
38;Rugby;230822;Inglaterra Femenino;0
38;Rugby;247324;Wales U20;0
38;Rugby;247323;Inglaterra Sub20;0
38;Rugby;230824;Escocia Femenino;0
38;Rugby;230823;Gales Femenino;0
38;Rugby;220695;Scotland U20s;0
38;Rugby;220693;England U20s;0
38;Rugby;220696;France U20s;0
38;Rugby;152606;Korea 7s;0
38;Rugby;220694;Wales U20s;0
38;Rugby;8805;Toulouse;0
38;Rugby;8830;España;0
38;Rugby;8829;Canadá;0
38;Rugby;8828;Kenia;0
38;Rugby;8827;Biarritz;0
38;Rugby;8826;Oyonnax;0
38;Rugby;8825;Highlanders;0
38;Rugby;8824;Lions;0
38;Rugby;8823;Jaguares;0
38;Rugby;8822;Hurricanes;0
38;Rugby;8821;Stormers;0
38;Rugby;8820;Waratahs;0
38;Rugby;8819;Crusaders;0
38;Rugby;8818;Rebels;0
38;Rugby;8817;Sunwolves;0
38;Rugby;8816;Bulls;0
38;Rugby;8815;Sharks;0
38;Rugby;8814;Reds;0
38;Rugby;8813;Brumbies;0
38;Rugby;8812;Chiefs;0
38;Rugby;8811;Blues;0
38;Rugby;8810;Bayonne;0
38;Rugby;8809;Agen;0
38;Rugby;8808;Girondins de Burdeos;0
38;Rugby;8807;Lyon;0
38;Rugby;8806;Clermont Auvergne;0
38;Rugby;8803;Clermont;0
38;Rugby;8802;Racing 92;0
38;Rugby;8801;Castres;0
38;Rugby;8800;Montpellier;0
38;Rugby;8799;La Rochelle;0
38;Rugby;8798;Pau;0
38;Rugby;8797;Brive;0
38;Rugby;8796;Toulon;0
38;Rugby;8795;Lyon OU;0
38;Rugby;8794;Zebre;0
38;Rugby;8793;Ospreys;0
38;Rugby;8792;Kings;0
38;Rugby;8790;Treviso;0
38;Rugby;8789;Connacht;0
38;Rugby;8788;Cardiff;0
38;Rugby;8787;Glasgow;0
38;Rugby;8786;Scarlets;0
38;Rugby;8785;Edinburgh;0
38;Rugby;8784;Ulster;0
38;Rugby;8783;Munster;0
38;Rugby;8782;Leinster;0
38;Rugby;8781;Cheetahs;0
38;Rugby;8780;Southern Kings;0
38;Rugby;8779;Worcester;0
38;Rugby;8778;Leicester;0
38;Rugby;8777;Harlequins;0
38;Rugby;8776;Bristol;0
38;Rugby;8775;Sale;0
38;Rugby;8774;Northampton;0
38;Rugby;8773;Exeter;0
38;Rugby;8772;Gloucester;0
38;Rugby;8771;Bristol Bears;0
38;Rugby;8770;Leicester Tigers;0
38;Rugby;8769;Bath;0
38;Rugby;8768;Wasps;0
38;Rugby;8767;Worcester Warriors;0
38;Rugby;8766;Sale Sharks;0
38;Rugby;8765;Exeter Chiefs;0
38;Rugby;8764;London Irish;0
38;Rugby;8763;Northampton Saints;0
38;Rugby;8762;Uruguay;0
38;Rugby;8761;Namibia;0
38;Rugby;8760;Estados Unidos;0
38;Rugby;8759;Tonga;0
38;Rugby;8758;Samoa;0
38;Rugby;8757;Georgia;0
38;Rugby;8756;Italia;0
38;Rugby;8755;Fiji;0
38;Rugby;8754;Japón;0
38;Rugby;8753;Escocia;0
38;Rugby;8752;Argentina;0
38;Rugby;8751;Gales;0
38;Rugby;8750;Australia;0
38;Rugby;8749;Irlanda;0
38;Rugby;8748;Francia;0
38;Rugby;8747;Sudafrica;0
38;Rugby;8746;Inglaterra;0
38;Rugby;8745;Nueva Zelanda;0
38;Rugby;23194;Benetton Treviso;0
38;Rugby;23193;Cardiff Blues;0
38;Rugby;15259;New Zealand 7s;0
38;Rugby;11708;Perpignan;0
38;Rugby;14646;Provence;0
38;Rugby;14819;Scotland 7s;0
38;Rugby;15260;Wales 7s;0
38;Rugby;21343;Beziers;0
38;Rugby;23218;Castres Olympique;0
38;Rugby;14645;Valence;0
38;Rugby;21163;Glasgow Warriors;0
38;Rugby;11748;Saracens;0
38;Rugby;21342;Empate;0
38;Rugby;21344;Mont-de-Marsan;0
38;Rugby;10856;Vannes;0
38;Rugby;10844;Valence Romans;0
38;Rugby;10842;Rouen;0
38;Rugby;10858;Provence Rugby;0
38;Rugby;24096;Toyota Cheetahs;0
38;Rugby;8804;Stade Francais;0
38;Rugby;21345;Soyaux Angouleme;0
38;Rugby;14822;Argentina 7s;0
38;Rugby;14820;Australia 7s;0
38;Rugby;14826;Canada 7s;0
38;Rugby;14828;England 7s;0
38;Rugby;14831;Fiji 7s;0
38;Rugby;10857;Nevers;0
38;Rugby;10860;Montauban;0
38;Rugby;10862;Grenoble;0
38;Rugby;10855;Colomiers;0
38;Rugby;10843;Carcassonne;0
38;Rugby;10841;Aurillac;0
38;Rugby;10859;Angouleme;0
38;Rugby;14824;France 7s;0
38;Rugby;14827;Ireland 7s;0
38;Rugby;14821;Japan 7s;0
38;Rugby;14830;Kenya 7s;0
38;Rugby;14825;Samoa 7s;0
38;Rugby;14823;South Africa 7s;0
38;Rugby;14829;Spain 7s;0
38;Rugby;14818;USA 7s;0
38;Rugby;88331;South Korea 7s;0
45;Boxing;54008;Istvan Szili;0
45;Boxing;279407;Saul Alvarez;0
45;Boxing;54009;Liam Wilson;0
45;Boxing;54011;Mose Auimatagi Jr;0
45;Boxing;54012;Illias Achergui;0
45;Boxing;54013;Diego Pacheco;0
45;Boxing;54014;Oscar Riojas;0
45;Boxing;53088;Fabio Maldonado;0
45;Boxing;53516;Luis Eduardo Florez;0
45;Boxing;53517;Richardson Hitchins;0
45;Boxing;179853;Joey Dawejko;0
45;Boxing;53518;Nick DeLomba;0
45;Boxing;179848;Hughie Fury;0
45;Boxing;179850;Efe Ajagba;0
45;Boxing;208915;Alfredo Meli;0
45;Boxing;240901;Theophilus Tetteh;0
45;Boxing;161356;Kubrat Pulev;0
45;Boxing;179846;Anthony Fowler;0
45;Boxing;208912;Shaquille Day;0
45;Boxing;208913;Kaisee Benjamin;0
45;Boxing;54626;Jesse Rodriguez;0
45;Boxing;54627;Marco Sustaita;0
45;Boxing;297675;John Riel Casimero;0
45;Boxing;53520;Sanjarbek Rakhmanov;0
45;Boxing;178979;Alexander Povetkin;0
45;Boxing;179855;Robert Helenius;0
45;Boxing;297674;Naoya Inoue;0
45;Boxing;180421;Robert Alfonso;0
45;Boxing;179854;Adam Kownacki;0
45;Boxing;180422;Carlos Negron;0
45;Boxing;54006;Marcos Jimenez;0
45;Boxing;22866;Kody Davies;0
45;Boxing;19230;Khalid Yafai;0
45;Boxing;22865;Pablo Narvaez;0
45;Boxing;22864;Dennis McCann;0
45;Boxing;22861;Tyrone McCullagh;0
45;Boxing;22857;Jeff Ofori;0
45;Boxing;14994;Joseph Diaz;0
45;Boxing;15006;Lee Haskins;0
45;Boxing;14998;Luke Keeler;0
45;Boxing;15002;Michal Cieslak;0
45;Boxing;14997;Demetrius Andrade;0
45;Boxing;15007;Michel Rivera;0
45;Boxing;14992;Murodjon Akhmadaliev;0
45;Boxing;14990;Roamer Alexis Angulo;0
45;Boxing;19223;David Soria;0
45;Boxing;14988;Simone Aparecida Da Silva;0
45;Boxing;14993;Tevin Farmer;0
45;Boxing;15009;Yordenis Ugas;0
45;Boxing;15014;Claudio Marrero;0
45;Boxing;19233;Daniel Dubois;0
45;Boxing;14999;Ilunga Makabu;0
45;Boxing;15017;Deontay Wilder;0
45;Boxing;15012;Eva Wahlstrom;0
45;Boxing;15020;Jay Harris;0
45;Boxing;15022;Jessie Vargas;0
45;Boxing;15024;Jono Carroll;0
45;Boxing;15019;Julio Cesar Martinez;0
45;Boxing;15013;Kid Galahad;0
45;Boxing;15016;Mark DeLuca;0
45;Boxing;15021;Mikey Garcia;0
45;Boxing;15011;Terri Harper;0
45;Boxing;15018;Tyson Fury;0
45;Boxing;14986;Aik Shakhnazaryan;0
45;Boxing;14991;Daniel Roman;0
45;Boxing;19236;KSI;0
45;Boxing;19231;Roman Gonzalez;0
45;Boxing;23144;Jeo Santisima;0
45;Boxing;19228;Caleb Plant;0
45;Boxing;24835;Jerry Forrest;0
45;Boxing;24834;Murat Gassiev;0
45;Boxing;14987;Amanda Serrano;0
45;Boxing;19225;Jose CHANGUITO Macias;0
45;Boxing;24833;Charlie Navarro;0
45;Boxing;19229;Vincent Feigenbutz;0
45;Boxing;19234;Joe Joyce;0
45;Boxing;22859;Tyrone McKenna;0
45;Boxing;19227;Francisco Fonseca;0
45;Boxing;24696;Dillian Whyte;0
45;Boxing;24724;Shawndell Terell Winters;0
45;Boxing;24723;Joseph Parker;0
45;Boxing;19221;Ezequiel Gurria;0
45;Boxing;19222;Empate;0
45;Boxing;19235;Jake Paul;0
45;Boxing;23143;Emanuel Navarrete;0
45;Boxing;21560;Yuniel Dorticos;0
45;Boxing;21564;Miguel Vazquez;0
45;Boxing;22867;Umar Sadiq;0
45;Boxing;19226;Ryan Garcia;0
45;Boxing;22872;Amir Imam;0
45;Boxing;22882;Charles Martin;0
45;Boxing;22880;Gabriel Flores Jr;0
45;Boxing;22883;Gerald Washington;0
45;Boxing;22874;Isaac Lowe;0
45;Boxing;22863;James Dickens;0
45;Boxing;22873;Javier Molina;0
45;Boxing;22862;Leigh Wood;0
45;Boxing;21559;Mairis Briedis;0
45;Boxing;22858;Mohamed Mimoune;0
45;Boxing;22856;Ohara Davies;0
45;Boxing;22860;Ryan Walsh;0
45;Boxing;15008;Fidel Maldonado Jr;0
45;Boxing;14989;Anthony Sims Jr;0
45;Boxing;21561;Josh Kelly;0
45;Boxing;21562;David Avanesyan;0
45;Boxing;21563;Lewis Ritson;0
45;Boxing;19232;Scott Quigg;0
45;Boxing;24832;Israil Madrimov;0
45;Boxing;22881;Matt Conway;0
45;Boxing;22879;Arturs Ahmetovs;0
45;Boxing;22878;Rolando Romero;0
45;Boxing;22877;Petros Ananyan;0
45;Boxing;22876;Subriel Matias;0
45;Boxing;22875;Alberto Guevara;0
45;Boxing;19224;Kerman REVOLVER Lejarraga;0
45;Boxing;22871;Daniel Lewis;0
45;Boxing;22870;Sebastian Fundora;0
45;Boxing;22869;Lucien Reid;0
45;Boxing;22868;Brad Foster;0
45;Boxing;295101;Belmar Preciado;0
45;Boxing;295100;Michael Conlan;0
45;Boxing;308356;Carl Frampton;0
45;Boxing;295099;Miguel Marriaga;0
45;Boxing;295098;Shakur Stevenson;0
45;Boxing;308355;Jamel Herring;0
45;Boxing;297802;Luke Campbell;0
45;Boxing;279408;Billy Joe Saunders;0
45;Boxing;297510;Katie Taylor;0
45;Boxing;24695;Anthony Joshua;0
45;Boxing;53087;Carlos Takam;0
45;Boxing;297801;Lyndon Arthur;0
45;Boxing;54010;Jesus Cuadro;0
45;Boxing;54007;Jayde Mitchell;0
45;Boxing;179452;Zach Parker;0
45;Boxing;194135;Isaac Ferre;0
45;Boxing;179847;Jack Flatley;0
45;Boxing;297923;Jessica McCaskill;0
45;Boxing;297924;Jeff Horn;0
45;Boxing;297803;Javier Fortuna;0
45;Boxing;55114;Genc Pilana;0
45;Boxing;297922;Cecilia Braekhus;0
45;Boxing;53519;Keith Hunter;0
45;Boxing;297800;Anthony Yarde;0
45;Boxing;297925;Tim Tszyu;0
45;Boxing;208914;Danny Dignum;0
45;Boxing;297804;Regis Prograis;0
45;Boxing;297805;Maurice Hooker;0
45;Boxing;55113;Kevin Newman II;0
45;Boxing;179453;Rohan Murdock;0
45;Boxing;179851;Razvan Cojanu;0
45;Boxing;179852;Frank Sanchez Faure;0
45;Boxing;179849;Pavel Sour;0
45;Boxing;209203;Tomas Andres Reynoso;0
45;Boxing;194136;Rodrigo Escasena;0
45;Boxing;209202;Jack Cullen;0
45;Boxing;53515;Cletus Seldin;0
45;Boxing;54005;Ladarius Miller;0
65;Football;192808;Pskov 747;0
65;Football;205785;Persis Solo;0
65;Football;96164;Aalesunds FK;0
65;Football;96163;Molde;0
65;Football;52672;FK Atyrau;0
65;Football;285516;Los Angeles Galaxy;0
65;Football;158330;La Gantoise;0
65;Football;158331;Sporting de Charleroi;0
65;Football;158332;Royal Excel Mouscron;0
65;Football;158333;Waasland-Beveren;0
65;Football;148464;VfL Wolfsburg;0
65;Football;158334;Standard de Liege;0
65;Football;158335;Saint-Trond;0
65;Football;159722;Avangard Kramatorsk;0
65;Football;159721;Zhejiang Greentown;0
65;Football;83505;FC BATE Borisov;0
65;Football;205786;Semen Padang;0
65;Football;58065;Al-Ramtha;0
65;Football;144526;PSCS Cilacap;0
65;Football;52673;FK Alay Osh;0
65;Football;58064;Aqaba;0
65;Football;192807;FC Leningradets;0
65;Football;599712;Bayern de Munich -5;0
65;Football;599711;Barcelona -5;0
65;Football;599710;Juventus -5;0
65;Football;523220;Inter Milán -4;0
65;Football;523221;Racing Santander -4;0
65;Football;599718;Olympiacos -3;0
65;Football;599717;Wolfsburgo -4;0
65;Football;599716;Sevilla FC -4;0
65;Football;599715;LASK Linz -3;0
65;Football;599714;Eintr Frankfurt -5;0
65;Football;599713;Istanbul Basaksehir -5;0
65;Football;12339;CD Numancia;0
65;Football;12344;Albacete;0
65;Football;12634;Talleres;0
65;Football;12640;Angers SCO;0
65;Football;21129;Pogon Grodzisk Mazowiecki;0
65;Football;21130;OKS Stomil Olsztyn;0
65;Football;12667;Eintr Frankfurt;0
65;Football;21127;Alcoyano;0
65;Football;13834;Piast Gliwice;0
65;Football;13835;FC Shakhtyor Soligorsk;0
65;Football;13838;Chapecoense SC;0
65;Football;101;Bayern de Munich;0
65;Football;1586;Aves;0
65;Football;21128;FC Saburtalo Tbilisi;0
65;Football;222;Aston Villa;0
65;Football;221;Watford;0
65;Football;220;Bournemouth;0
65;Football;219;Newcastle;0
65;Football;218;Norwich;0
65;Football;217;Southampton;0
65;Football;216;Leicester;0
65;Football;215;Brighton;0
65;Football;23249;Kolding IF;0
65;Football;214;Everton;0
65;Football;23252;FC Ordabasy;0
65;Football;213;Burnley;0
65;Football;212;Crystal Palace;0
65;Football;211;West Ham United;0
65;Football;22934;FK Ryazan;0
65;Football;22933;Khimki II;0
65;Football;23251;Arsenal Tula;0
65;Football;102;Paderborn;0
65;Football;24930;FC Union Berlin;0
65;Football;23250;Rukh Vynnyky;0
65;Football;23248;Langkawi City FC;0
65;Football;103;Bayer Leverkusen;0
65;Football;82;Barcelona;0
65;Football;22830;Red Bull Salzburg;0
65;Football;22829;Austria Viena;0
65;Football;23247;Penang FA;0
65;Football;110;Atalanta;0
65;Football;24924;Torns IF;0
65;Football;12342;AD Alcorcon;0
65;Football;22671;Hawkesbury City SC;0
65;Football;1574;Groningen;0
65;Football;1575;Feyenoord;0
65;Football;11883;Leonesa;0
65;Football;9030;Newell´s Old Boys;0
65;Football;23790;Lokomotiv Moscú;0
65;Football;8287;RC Deportivo;0
65;Football;14064;St. Patrick's Athletic;0
65;Football;12199;Villarrubia CF;0
65;Football;83;Real Madrid;0
65;Football;12337;Willem II;0
65;Football;1387;Lille;0
65;Football;1388;AC Milan;0
65;Football;24557;CA Osasuna B;0
65;Football;4179;Yeclano Deportivo;0
65;Football;4178;Ucam Murcia;0
65;Football;24556;Real Union de Irun;0
65;Football;19881;TSV Hartberg;0
65;Football;19882;SCR Altach;0
65;Football;19883;SKN St Polten;0
65;Football;19884;FC Admira Wacker Modling;0
65;Football;6309;Aldosivi;0
65;Football;6310;Atletico Lanus;0
65;Football;6311;Gimnasia Y Esgrima La Plata;0
65;Football;6312;Velez Sarsfield;0
65;Football;19706;Selangor FA;0
65;Football;19705;Empate;0
65;Football;19704;Kelantan FA;0
65;Football;6313;Union Santa Fe;0
65;Football;6314;Argentinos Juniors;0
65;Football;6315;Club Atletico Rosario Central;0
65;Football;6316;Huracan;0
65;Football;24555;Real Balompedica Linense;0
65;Football;6317;Arsenal de Sarandi;0
65;Football;6318;Newells Old Boys;0
65;Football;6319;San Lorenzo;0
65;Football;6320;Estudiantes;0
65;Football;6321;Central Cordoba;0
65;Football;6322;Colon;0
65;Football;6323;Godoy Cruz;0
65;Football;19885;Mattersburg;0
65;Football;19886;Rapid Wien;0
65;Football;19887;WSG Tirol;0
65;Football;161;Albacete Balompie;0
65;Football;160;Elche;0
65;Football;159;Sporting Gijón;0
65;Football;158;Apoel Nicosia;0
65;Football;157;Istanbul BB;0
65;Football;19927;Tottenham Hotspur;0
65;Football;19928;West Ham;0
65;Football;4153;Real Sporting de Gijon II;0
65;Football;89;Eintracht Frankfurt;0
65;Football;156;LASK;0
65;Football;155;Gante;0
65;Football;4154;CF Rayo Majadahonda;0
65;Football;5608;PSV;0
65;Football;5587;Zwolle;0
65;Football;90;Fortuna Dusseldorf;0
65;Football;24506;CF La Nucia;0
65;Football;24507;RCD Espanyol Barcelona B;0
65;Football;24508;UD Cornella;0
65;Football;94;Augsburg;0
65;Football;93;Friburgo;0
65;Football;6324;River Plate;0
65;Football;6325;Banfield;0
65;Football;6326;Patronato Parana;0
65;Football;6327;Defensa Y Justicia;0
65;Football;6328;Talleres de Cordoba;0
65;Football;6329;Racing Club;0
65;Football;6330;Club Atletico Tucuman;0
65;Football;6331;Boca Juniors;0
65;Football;6332;Independiente;0
65;Football;154;Sporting Lisbon ;0
65;Football;153;Rangers ;0
65;Football;152;Olympiacos;0
65;Football;91;Werder Bremen;0
65;Football;92;Mainz;0
65;Football;4155;Athletic Bilbao B;0
65;Football;4186;Cadiz B;0
65;Football;151;Braga ;0
65;Football;21637;Sparkasse Hartberg;0
65;Football;23623;Chicago Fire;0
65;Football;23622;LA Galaxy;0
65;Football;23621;Toronto FC;0
65;Football;23620;Colorado Rapids;0
65;Football;4177;Atletico Sanluqueno CF;0
65;Football;21636;St Polten;0
65;Football;21635;Madura United FC;0
65;Football;21634;Persija Jakarta;0
65;Football;21633;Spartak Nalchik;0
65;Football;21632;FK Legion Dynamo;0
65;Football;21604;Kairat;0
65;Football;21603;Zenit;0
65;Football;4176;Barakaldo CF;0
65;Football;4175;Unionistas CF;0
65;Football;4174;Deportivo Alaves B;0
65;Football;4173;UD Logrones;0
65;Football;127;Shakhtar Donetsk;0
65;Football;128;Benfica;0
65;Football;129;RB Salzburg;0
65;Football;130;Getafe CF;0
65;Football;1585;RKC Waalwijk;0
65;Football;23579;Guarani VA;0
65;Football;4185;Real Murcia;0
65;Football;23580;EC Igrejinha;0
65;Football;21612;WSG Swarovski Wattens;0
65;Football;21611;Rheindorf Altach;0
65;Football;21610;Admira Wacker;0
65;Football;918;Levante UD;0
65;Football;150;Roma ;0
65;Football;131;Ajax;0
65;Football;132;Malmo FF;0
65;Football;133;AZ Alkmaar;0
65;Football;134;LASK Linz;0
65;Football;149;FC Red Bull Salzburg;0
65;Football;148;Arsenal ;0
65;Football;147;AFC Ajax;0
65;Football;919;D.Alavés;0
65;Football;146;Sevilla ;0
65;Football;21597;Bonnyrigg White Eagles;0
65;Football;26627;KV Mechelen;0
65;Football;26624;Kingston City FC;0
65;Football;26625;Springvale White Eagles;0
65;Football;26626;St.Truiden;0
65;Football;109;Liverpool;0
65;Football;26628;Waasland Beveren;0
65;Football;26629;Anderlecht;0
65;Football;26630;Waregem;0
65;Football;26631;Kortrijk;0
65;Football;26632;Eupen;0
65;Football;26633;Mouscron;0
65;Football;920;Osasuna;0
65;Football;921;Real Valladolid CF;0
65;Football;922;SD Eibar;0
65;Football;923;Mallorca;0
65;Football;924;Real Betis;0
65;Football;21596;Mt Druitt Town Rangers FC;0
65;Football;24925;Osterlen FF;0
65;Football;925;Real Sociedad;0
65;Football;4156;Club Haro Deportivo;0
65;Football;926;Villarreal CF;0
65;Football;4157;Barcelona B;0
65;Football;927;Athletic Club;0
65;Football;928;RC Celta;0
65;Football;135;Olympiakos Piraeus;0
65;Football;136;Arsenal;0
65;Football;137;APOEL;0
65;Football;929;Granada;0
65;Football;930;CD Leganés;0
65;Football;138;Basilea;0
65;Football;26634;Antwerp;0
65;Football;26635;Oostende;0
65;Football;26636;Genk;0
65;Football;4158;CF Badalona;0
65;Football;26637;Charleroi;0
65;Football;26638;St. Liege;0
65;Football;26639;Cercle Brugge;0
65;Football;26640;Sion;0
65;Football;26641;St Gallen;0
65;Football;139;Roma;0
65;Football;4172;CD San Fernando;0
65;Football;4171;Recreativo De Huelva;0
65;Football;26643;Zurich;0
65;Football;4170;SD Ejea;0
65;Football;26644;Lucerna;0
65;Football;23301;Sport Club Sao Paulo;0
65;Football;26645;Neuchatel Xamax;0
65;Football;95;Borussia Dortmund;0
65;Football;26646;Thun;0
65;Football;4159;SD Amorebieta;0
65;Football;4160;Cultural Leonesa;0
65;Football;4161;UD Marbella;0
65;Football;145;Oporto;0
65;Football;4163;Racing de Ferrol;0
65;Football;26647;Servette;0
65;Football;23302;Riograndense Futebol Clube;0
65;Football;4164;S S de Los Reyes;0
65;Football;26648;Lugano;0
65;Football;26649;DC United;0
65;Football;26650;Montreal Impact;0
65;Football;107;E.Frankfurt;0
65;Football;26651;New England Revolution;0
65;Football;26652;Houston Dynamo;0
65;Football;26653;San Jose Earthquakes;0
65;Football;144;RCD Espanyol;0
65;Football;26654;Orlando City SC;0
65;Football;26655;Real Salt Lake;0
65;Football;23791;FC Chayka Peschanokopskoye;0
65;Football;5416;Sporting Lisboa;0
65;Football;23792;Real Oviedo B;0
65;Football;23793;Coruxo FC;0
65;Football;26656;Nashville SC;0
65;Football;23794;Arenas Club De Getxo;0
65;Football;23795;Hércules;0
65;Football;4165;Eivissa;0
65;Football;26657;Atlanta United FC;0
65;Football;4166;UD Las Palmas Atletico;0
65;Football;26658;Sporting Kansas City;0
65;Football;26659;Columbus Crew;0
65;Football;20534;NK Granicar Zupanja;0
65;Football;20535;BSK Bijelo Brdo;0
65;Football;106;B.Leverkusen;0
65;Football;105;B.Mgladbach;0
65;Football;26660;New York City FC;0
65;Football;23107;Gremio Esportivo Gloria;0
65;Football;23108;Esportivo Bento Goncalves;0
65;Football;26661;New York Red Bulls;0
65;Football;26662;FC Cincinnati;0
65;Football;26663;Seattle Sounders;0
65;Football;104;B.Dortmund;0
65;Football;33802;TSV 1880 Wasserburg;0
65;Football;26664;Los Angeles FC;0
65;Football;26665;Inter Miami CF;0
65;Football;26666;Portland Timbers;0
65;Football;9029;B.M´gladbach;0
65;Football;26642;Young Boys Bern;0
65;Football;4167;UD Llagostera;0
65;Football;98;RB Leipzig;0
65;Football;5585;Utrecht;0
65;Football;5586;Emmen;0
65;Football;4169;Orihuela CF;0
65;Football;4168;Gimnastic Tarragona;0
65;Football;140;Gent;0
65;Football;141;Rangers;0
65;Football;142;Sporting Braga;0
65;Football;1573;FC Twente;0
65;Football;1572;FC Utrecht;0
65;Football;1571;PEC Zwolle;0
65;Football;1570;Vitesse;0
65;Football;1569;Fortuna Sittard;0
65;Football;11882;Badajoz;0
65;Football;108;PSG;0
65;Football;12196;SD Leioa;0
65;Football;12197;Real Valladolid B;0
65;Football;12193;LAS Rozas;0
65;Football;12198;Club Lleida Esportiu;0
65;Football;12192;Celta de Vigo B;0
65;Football;12194;CD Tudelano;0
65;Football;12195;AE Prat;0
65;Football;9055;B.M'gladbach;0
65;Football;99;Union Berlin;0
65;Football;23266;Progresul Spartac;0
65;Football;23265;AFC Turris-Oltul Turnu Magurele;0
65;Football;100;Hertha BSC;0
65;Football;12340;UD Almeria;0
65;Football;12343;Real Oviedo CF;0
65;Football;12341;racing de santander;0
65;Football;12383;Newell's Old Boys;0
65;Football;12349;Famalicao;0
65;Football;12338;Cádiz;0
65;Football;4184;Cartagena;0
65;Football;8323;Zaragoza;0
65;Football;13836;Zorya Luhansk;0
65;Football;210;Sheff Utd;0
65;Football;209;Lecce;0
65;Football;1576;Heerenveen;0
65;Football;1577;Willem II Tilburg;0
65;Football;1578;VVV Venlo;0
65;Football;1579;PSV Eindhoven;0
65;Football;1580;AFC Ajax Amsterdam;0
65;Football;1581;Sparta Rotterdam;0
65;Football;1582;FC Emmen;0
65;Football;1583;Heracles Almelo;0
65;Football;1584;ADO Den Haag;0
65;Football;22672;Merani Tbilisi;0
65;Football;22673;FC Merani Martvili;0
65;Football;22674;Philadelphia Union;0
65;Football;22675;FC Dallas;0
65;Football;208;Parma;0
65;Football;143;Wolves;0
65;Football;207;Génova;0
65;Football;24124;Vancouver Whitecaps;0
65;Football;206;Verona;0
65;Football;84;Atlético Madrid;0
65;Football;85;Sevilla FC;0
65;Football;205;Bolonia;0
65;Football;204;Torino;0
65;Football;203;Brescia;0
65;Football;202;Sampdoria;0
65;Football;201;SPAL;0
65;Football;200;Fiorentina;0
65;Football;199;Sassuolo;0
65;Football;198;Udinese;0
65;Football;197;Lazio;0
65;Football;196;Milan;0
65;Football;195;Cagliari;0
65;Football;194;Mónaco;0
65;Football;193;Paris Saint-Germain FC;0
65;Football;192;Losc Lille;0
65;Football;111;Valencia CF;0
65;Football;191;Dijon Fco;0
65;Football;190;Nantes;0
65;Football;20073;GOSK Dubrovnik;0
65;Football;20072;Neretva;0
65;Football;112;Tottenham;0
65;Football;189;AS Saint Etienne;0
65;Football;188;RC Strasbourg Alsace;0
65;Football;187;Metz;0
65;Football;186;Montpellier HSC;0
65;Football;185;Amiens;0
65;Football;184;Stade de Reims;0
65;Football;24476;Atletico Madrid B;0
65;Football;24477;Pontevedra CF;0
65;Football;24478;SC Pena Deportiva;0
65;Football;183;Olympique Nimes;0
65;Football;182;Stade Brestois 29;0
65;Football;24479;Villarreal B;0
65;Football;181;Toulouse;0
65;Football;180;OGC Nice;0
65;Football;24480;CD Athletico Baleares;0
65;Football;179;Angers Sco;0
65;Football;24481;Valencia CF Mestalla;0
65;Football;178;Olympique Lyonnais;0
65;Football;177;Girondins Bordeaux;0
65;Football;176;Olympique de Marseille;0
65;Football;24482;FC Andorra;0
65;Football;175;Stade Rennais;0
65;Football;174;Mirandes;0
65;Football;173;CF Cadiz;0
65;Football;24483;Levante B;0
65;Football;8324;Valladolid;0
65;Football;8322;Granada CF;0
65;Football;8321;Celta;0
65;Football;113;Chelsea;0
65;Football;114;Nápoles;0
65;Football;115;Lyon;0
65;Football;126;Istanbul Basaksehir;0
65;Football;4162;Talavera;0
65;Football;24494;CD Izarra;0
65;Football;1599;Boavista;0
65;Football;1598;Rio Ave;0
65;Football;86;FC Schalke 04;0
65;Football;87;Borussia Mönchengladbach;0
65;Football;88;Hoffenheim;0
65;Football;24495;CD Calahorra;0
65;Football;125;Sporting CP;0
65;Football;24496;Real Madrid Castilla;0
65;Football;124;Celtic;0
65;Football;123;FC Copenhagen;0
65;Football;21762;Arema;0
65;Football;21761;Persebaya Surabaya;0
65;Football;23004;FK Indija;0
65;Football;1443;Inter;0
65;Football;24497;Marino Luanco;0
65;Football;24498;CF Internacional De Madrid;0
65;Football;24499;Sabadell;0
65;Football;122;CFR Cluj;0
65;Football;121;Inter Milán;0
65;Football;24125;Minnesota United;0
65;Football;1597;Maritimo;0
65;Football;120;Ludogorets;0
65;Football;6129;Hibernian;0
65;Football;6130;Hamilton Academical;0
65;Football;6131;Livingston;0
65;Football;6132;St. Johnstone;0
65;Football;6133;Aberdeen;0
65;Football;6134;Motherwell;0
65;Football;6135;Kilmarnock;0
65;Football;6136;Ross County;0
65;Football;6137;Hearts;0
65;Football;6138;St. Mirren;0
65;Football;6139;St Johnstone;0
65;Football;6140;Hamilton;0
65;Football;6141;St Mirren;0
65;Football;23445;Pahang FA;0
65;Football;23446;Kuala Lumpur FA;0
65;Football;23447;Notodden FK;0
65;Football;23448;Arendal;0
65;Football;1596;FC Famalicao;0
65;Football;23454;APOEL Nicosia;0
65;Football;172;CD Lugo;0
65;Football;171;Rayo Vallecano;0
65;Football;119;Manchester United;0
65;Football;24317;Burgos CF;0
65;Football;170;Numancia;0
65;Football;24316;CF Getafe B;0
65;Football;169;Alcorcón;0
65;Football;168;Tenerife;0
65;Football;24315;Córdoba;0
65;Football;24314;UP Langreo;0
65;Football;167;Huesca;0
65;Football;1595;Gil Vicente;0
65;Football;24313;UD Melilla;0
65;Football;23458;Ludogorets Razgrad;0
65;Football;97;Wolfsburgo;0
65;Football;1594;Pacos Ferreira;0
65;Football;1593;Vitoria Setubal;0
65;Football;1592;Belenenses;0
65;Football;1591;Moreirense;0
65;Football;1590;Tondela;0
65;Football;4183;CD Badajoz;0
65;Football;118;Club Brujas;0
65;Football;117;Manchester City;0
65;Football;1589;Santa Clara;0
65;Football;1588;Vitoria Guimaraes;0
65;Football;116;Juventus;0
65;Football;4182;Merida UD;0
65;Football;4181;CD Don Benito;0
65;Football;1587;Portimonense;0
65;Football;24500;CD Castellon;0
65;Football;4180;Sevilla FC Atletico;0
65;Football;1179;Rennes;0
65;Football;1178;Nimes;0
65;Football;1177;Reims;0
65;Football;19708;Kelantan United;0
65;Football;19707;Petaling Jaya City FC;0
65;Football;1174;Real Oviedo;0
65;Football;1173;Almería;0
65;Football;1172;Extremadura UD;0
65;Football;1171;Girona FC;0
65;Football;1170;Racing Santander;0
65;Football;1169;Deportivo;0
65;Football;23976;XM Fico Tay Ninh;0
65;Football;166;Real Zaragoza;0
65;Football;165;UD Las Palmas;0
65;Football;164;SD Ponferradina;0
65;Football;23975;Sai Gon FC;0
65;Football;163;Málaga CF;0
65;Football;162;Fuenlabrada;0
65;Football;24501;CF Algeciras;0
65;Football;24502;CD Guijuelo;0
65;Football;24503;CP Villarrobledo;0
65;Football;24504;Sporting Gijon B;0
65;Football;24505;Granada CF B;0
65;Football;4151;CD Ebro;0
65;Football;4152;UE Olot;0
65;Football;1364;Bor Monchengladbach;0
65;Football;1365;Hertha Berlin;0
65;Football;1366;Real Valladolid;0
65;Football;1367;Salzburgo;0
65;Football;1368;Wolfsberger AC;0
65;Football;1371;FK Austria Wein;0
65;Football;1376;Sturm Graz;0
65;Football;1378;Niza;0
65;Football;1379;Marsella;0
65;Football;1380;Angers;0
65;Football;1381;Brest;0
65;Football;1382;Montpellier;0
65;Football;1383;Dijon;0
65;Football;1384;Estrasburgo;0
65;Football;1385;St Etienne;0
65;Football;1386;Girondins de Burdeos;0
65;Football;96746;Ullensaker/Kisa;0
65;Football;156012;Estudiantes Río Cuarto;0
65;Football;158769;FC Ingolstadt 04;0
65;Football;251380;Real Aviles Industrial CF;0
65;Football;158071;AS Eupen;0
65;Football;295273;FC Sochi Reserves;0
65;Football;83506;FK Aktobe;0
65;Football;144527;PSIM Yogyakarta;0
65;Football;177609;FC Slutsk;0
65;Football;156013;Atlanta;0
65;Football;53521;Fraser Park FC;0
65;Football;300617;RC Sporting Charleroi;0
65;Football;55807;Alania Vladikavkaz;0
65;Football;144129;Salamanca CF UDS;0
65;Football;96745;Grorud;0
65;Football;295274;Sokol Saratov;0
65;Football;136749;Real Sociedad B;0
65;Football;196392;Sint Truiden;0
65;Football;196391;Standard Lieja;0
65;Football;56417;Ma´an;0
65;Football;56416;Al-Wehdat;0
65;Football;196390;Mechelen;0
65;Football;158070;FC Malines;0
65;Football;158069;Zulte Waregem;0
65;Football;116219;SHB Da Nang;0
65;Football;158072;KV Courtrai;0
65;Football;83507;Baltika Kaliningrad;0
65;Football;83508;Thanh Hoa FC;0
65;Football;53522;Inter Lions FC;0
65;Football;300618;Sint Truidense;0
65;Football;158073;Royal Antwerp FC;0
65;Football;116220;Hong Linh Ha Tinh;0
65;Football;83509;Phu Dong;0
65;Football;55806;Zenit-2 Saint Petersburg;0
65;Football;196389;Volgar Astrakhan;0
65;Football;196388;Arsenal Dzerzhinsk;0
65;Football;251381;Real Tomayapo;0
65;Football;57436;FC Lokomotiv-Kazanka Moscow;0
65;Football;57437;FC Novosibirsk;0
65;Football;57438;Al Ahli Amman;0
65;Football;57439;Al Hussein SC;0
65;Football;158770;SV Turkgucu-Ataspor Munchen;0
65;Football;504693;Newcastle -3;0
65;Football;504692;Watford -4;0
65;Football;504691;Lecce -3;0
65;Football;504690;PSG -5;0
65;Football;504689;Mónaco -5;0
65;Football;504688;Girondins de Burdeos -4;0
65;Football;504687;Brest -3;0
65;Football;504686;Amiens -4;0
65;Football;504685;Estrasburgo -5;0
65;Football;504684;Toulouse -4;0
65;Football;504683;Nantes -4;0
65;Football;504682;Montpellier -4;0
65;Football;504681;Lyon -5;0
65;Football;504636;Málaga CF -4;0
65;Football;504637;Fuenlabrada -4;0
65;Football;504638;Mirandes -4;0
65;Football;504668;Sparta Rotterdam -3;0
65;Football;504639;Real Oviedo -4;0
65;Football;504640;RC Deportivo -3;0
65;Football;504641;Albacete Balompie -3;0
65;Football;504642;CF Cadiz -4;0
65;Football;504643;UD Las Palmas -4;0
65;Football;504644;Elche -4;0
65;Football;504645;Real Zaragoza -5;0
65;Football;504646;Real Madrid -5;0
65;Football;504647;CD Leganés -4;0
65;Football;504648;Valencia CF -5;0
65;Football;504649;Mallorca -2;0
65;Football;504650;RC Celta -4;0
65;Football;504651;RCD Espanyol -4;0
65;Football;504652;Real Sociedad -5;0
65;Football;504653;Athletic Club -3;0
65;Football;504680;FC Famalicao -3;0
65;Football;504654;Granada -3;0
65;Football;504655;Sevilla FC -5;0
65;Football;504656;Sturm Graz -4;0
65;Football;504657;St Mirren -4;0
65;Football;504658;Motherwell -4;0
65;Football;504659;Ross County -4;0
65;Football;504679;Boavista -4;0
65;Football;504660;Hibernian -4;0
65;Football;504678;Santa Clara -3;0
65;Football;504661;Kilmarnock -4;0
65;Football;504662;Rangers -4;0
65;Football;504663;Livingston -4;0
65;Football;504667;Utrecht -5;0
65;Football;504677;Aves -4;0
65;Football;504664;ADO Den Haag -4;0
65;Football;504676;Vitoria Guimaraes -4;0
65;Football;504675;Benfica -5;0
65;Football;504665;Willem II Tilburg -5;0
65;Football;504666;Zwolle -4;0
65;Football;504674;Maritimo -4;0
65;Football;504673;Portimonense -4;0
65;Football;504672;Rio Ave -5;0
65;Football;504671;VVV Venlo -3;0
65;Football;504670;Ajax -5;0
65;Football;504669;RKC Waalwijk -3;0
65;Football;504700;Tottenham -3;0
65;Football;504701;Everton -3;0
65;Football;504702;Burnley -4;0
65;Football;504699;West Ham -4;0
65;Football;504698;Aston Villa -3;0
65;Football;504703;Liverpool -5;0
65;Football;504704;Wolves -5;0
65;Football;504697;Bournemouth -4;0
65;Football;504696;Norwich -4;0
65;Football;504695;Brighton -4;0
65;Football;504694;Manchester City -5;0
65;Football;303486;LASK LINZ;0
65;Football;210891;Degerfors IF;0
65;Football;196712;New York City;0
65;Football;297322;Nosta Novotroitsk;0
65;Football;210892;IF Karlstad II;0
65;Football;196711;Inter Miami;0
65;Football;96;Colonia;0
65;Football;3974;Braga;0
