1;Baloncesto;148460;Taiwan WSBL Women;0
1;Baloncesto;10038;Indonesia Srikandi Cup Women;0
1;Baloncesto;38571;Russia Division F30 Women;0
1;Baloncesto;57083;Tajikistan Northern Cup;0
1;Baloncesto;14710;British Basketball League Trophy;0
1;Baloncesto;12636;FIBA Asia Cup Pre-Qualifiers;0
1;Baloncesto;232892;Campeonato Nacional Carlos Ulloa in Memoriam;0
1;Baloncesto;10951;Liga Uruguaya de Baloncesto;0
1;Baloncesto;13715;LKL;0
1;Baloncesto;1554;NBA;0
1;Baloncesto;13825;A2;0
1;Baloncesto;13373;Asean Basketball League;0
1;Baloncesto;14736;Liga DirecTV;0
1;Baloncesto;14747;Superior Nacional;0
1;Baloncesto;13194;France LF2 Women;0
1;Baloncesto;10218;Korisliiga Women;0
1;Baloncesto;10241;Division A;0
1;Baloncesto;12852;Serie A2;0
1;Baloncesto;13525;Superleague, 2nd Division, Woman;0
1;Baloncesto;10243;Kosarkasko Prvenstvo BiH;0
1;Baloncesto;32171;Championnat National;0
1;Baloncesto;14058;Ligat HaAl;0
1;Baloncesto;12843;Campeonato Nacional 1. Divisao;0
1;Baloncesto;15768;Cyprus Cup;0
1;Baloncesto;10751;A League;0
1;Baloncesto;10283;Superettan;0
1;Baloncesto;10280;Basketligaen;0
1;Baloncesto;1550;CBA;0
1;Baloncesto;13123;NKL;0
1;Baloncesto;23803;Liga Mayor de Baloncesto;0
1;Baloncesto;13870;Mattoni NBL;0
1;Baloncesto;11145;WKBL;0
1;Baloncesto;10448;Dominican Republic Baloncesto Superior Santiago;0
1;Baloncesto;15155;Eurasian League;0
1;Baloncesto;12305;LFB Woman;0
1;Baloncesto;12304;Liga Femenina de Baloncesto;0
1;Baloncesto;10250;First League;0
1;Baloncesto;8958;Antepost Betting;0
1;Baloncesto;29832;Senegal Division 1 Women;0
1;Baloncesto;8959;ABL League ASEAN;0
1;Baloncesto;8960;Apuestas Anticipadas - Clubes Internacional;0
1;Baloncesto;8963;Coppa Italia;0
1;Baloncesto;14165;ABA League 2;0
1;Baloncesto;8962;Greek Cup;0
1;Baloncesto;21140;Brasil Liga Femenina de Baloncesto;0
1;Baloncesto;45419;Russia Liga Pro 5x5;0
1;Baloncesto;8964;Apuestas Anticipadas;0
1;Baloncesto;8969;Croatian Cup;0
1;Baloncesto;8970;Korisliiga;0
1;Baloncesto;8971;British Basketball League;0
1;Baloncesto;29876;Vysha Liga;0
1;Baloncesto;8972;KBL;0
1;Baloncesto;8974;MPBL;0
1;Baloncesto;8975;Division A Women;0
1;Baloncesto;37809;Taiwan SSU League;0
1;Baloncesto;21136;ABL Main round 1;0
1;Baloncesto;13422;Cyprus Division A Women;0
1;Baloncesto;12239;FIBA Asia Cup Qualification;0
1;Baloncesto;8976;NCAAB;0
1;Baloncesto;20749;EuroMillions Cup;0
1;Baloncesto;8977;Apuestas Anticipadas - NCAA;0
1;Baloncesto;8978;Ethias League;0
1;Baloncesto;14184;DBL;0
1;Baloncesto;37716;Nevskaya 2nd Division;0
1;Baloncesto;38787;Nicaragua Torneo Carlos Ulloa in Memoriam;0
1;Baloncesto;10221;Polish 2 Liga Men;0
1;Baloncesto;10240;Polish I Liga;0
1;Baloncesto;10229;Adriatic League Women;0
1;Baloncesto;38809;Nicaragua Liga de Baloncesto Women;0
1;Baloncesto;10374;LNB Pro B;0
1;Baloncesto;12193;Argentina Superliga de Mendoza;0
1;Baloncesto;13892;Alpe Adria Cup;0
1;Baloncesto;10317;1. Division Woman;0
1;Baloncesto;28764;Rwanda National League;0
1;Baloncesto;10757;Super League;0
1;Baloncesto;15819;XXII Torneo de Baloncesto Superior;0
1;Baloncesto;144691;Apuestas Anticipadas - WNBA;0
1;Baloncesto;14231;Premier League;0
1;Baloncesto;37831;Nevskaya 1st Division Women;0
1;Baloncesto;10376;Isländisch Cup;0
1;Baloncesto;14967;ABL Main round 2;0
1;Baloncesto;14249;IBL;0
1;Baloncesto;15530;Kadinlar Türkiye Kupasi;0
1;Baloncesto;39551;Russia Liga Pro (3x3);0
1;Baloncesto;20286;PBA, Philippine Cup;0
1;Baloncesto;37625;Nevskaya 3rd Division;0
1;Baloncesto;38319;Tajikistan Basketball League;0
1;Baloncesto;30013;Algerian Championship;0
1;Baloncesto;10772;Russian Cup;0
1;Baloncesto;34738;Russia Saint Petersburg Higher League Women;0
1;Baloncesto;12119;Premier League Women;0
1;Baloncesto;12118;Dameligaen;0
1;Baloncesto;12115;Basketligan Women;0
1;Baloncesto;10750;WNBL;0
1;Baloncesto;15128;ULEB Eurocup;0
1;Baloncesto;10773;Women's Premier League;0
1;Baloncesto;38389;MLBL League;0
1;Baloncesto;12100;Central Europe Women League;0
1;Baloncesto;12099;Division 1 A;0
1;Baloncesto;8968;NBL;0
1;Baloncesto;8965;Turkish Cup;0
1;Baloncesto;8973;LNBP;0
1;Baloncesto;8967;NBB;0
1;Baloncesto;8966;Liga Nacional;0
1;Baloncesto;30023;Second Basketball League;0
1;Baloncesto;18927;PBA Philippine Cup;0
1;Baloncesto;35389;Russia Super League B Women;0
1;Baloncesto;15141;Basketball Champions League;0
1;Baloncesto;18148;Spanish Copa de la Reina Women;0
1;Baloncesto;30067;Senegal Division 1;0
1;Baloncesto;17843;Waratah League;0
1;Baloncesto;17780;Philippine Collegiate Champions League;0
1;Baloncesto;17733;Australian Waratah League Women;0
1;Baloncesto;15802;Champions League, Playoffs;0
1;Baloncesto;10791;Israeli Basketball State Cup;0
1;Baloncesto;10792;BLK Women;0
1;Baloncesto;10793;Serbian Cup;0
1;Baloncesto;30120;Serbian Cup Women;0
1;Baloncesto;13877;Liga 1. Women;0
1;Baloncesto;254412;Hanoi Basketball League;0
1;Baloncesto;35602;Russia Nevskaya 6th Division;0
1;Baloncesto;35652;Nevskaya 5th Division;0
1;Baloncesto;82324;Turkmenistan Basketball League;0
1;Baloncesto;12780;Estonian I Liiga;0
1;Baloncesto;14409;LBL 2;0
1;Baloncesto;28118;CIBACOPA;1
1;Baloncesto;15792;ExtraligaSlovak Basketball League;0
1;Baloncesto;14431;French National Division 1;0
1;Baloncesto;27902;Brazil CBB U21;0
1;Baloncesto;30968;Mexican National Basketball League Women;0
1;Baloncesto;13399;Bulgarian Basketball Division A;0
1;Baloncesto;31022;LIBAFEM, Women;0
1;Baloncesto;11980;TKBL Women;0
1;Baloncesto;14440;Liga Profissional;0
1;Baloncesto;38451;Russia Division M35;0
1;Baloncesto;37756;Sudan Premier League;0
1;Baloncesto;12521;Torneo Federal;0
1;Baloncesto;2208;LEB Oro;0
1;Baloncesto;28946;Bahamas Basketball League Division I ;0
1;Baloncesto;10262;Leaders Cup;0
1;Baloncesto;13342;A1, Women;0
1;Baloncesto;13912;National League;0
1;Baloncesto;14434;Liga ABA;0
1;Baloncesto;10239;Slovenian Cup;0
1;Baloncesto;8957;Copa del Rey;0
1;Baloncesto;1543;A1 Ethniki;0
1;Baloncesto;36180;Chinese Taipe SBL;0
1;Baloncesto;12514;Guatemala Liga Mayor Metropolitana ;0
1;Baloncesto;13920;Premijer Liga;0
1;Baloncesto;1537;ACB;0
1;Baloncesto;31429;Championnat National, Women;0
1;Baloncesto;12746;Turkey TKB2L Women;0
1;Baloncesto;13922;Balkan League;0
1;Baloncesto;247227;Tajikistan Pre-season Tournament;0
1;Baloncesto;12503;Entre Rios Mayor;0
1;Baloncesto;11882;FIBA EuroBasket Qualifiers;0
1;Baloncesto;11881;ULEB Eurocup Women;0
1;Baloncesto;11880;Euroleague Women;0
1;Baloncesto;36407;Russia Global League Second Division;0
1;Baloncesto;12499;FIBA AmeriCup Qualifiers;0
1;Baloncesto;13398;Superleague, 1st Division, Women;0
1;Baloncesto;13127;Club Friendlies;0
1;Baloncesto;1557;Apuestas Anticipadas - NBA;0
1;Baloncesto;12494;Barbados Presidents Cup;0
1;Baloncesto;35998;Russia MLBL;0
1;Baloncesto;36433;Russia Global League Higher Division;0
1;Baloncesto;10196;ZBL Woman;0
1;Baloncesto;10351;Lega Basket Femminile;0
1;Baloncesto;10352;Top Division Women 1;0
1;Baloncesto;37761;Nevskaya 1st Division;0
1;Baloncesto;11394;B League 1;0
1;Baloncesto;2365;VTB United League;0
1;Baloncesto;10249;FBU Superleague;0
1;Baloncesto;10499;La Liga ;0
1;Baloncesto;11790;Superleague;0
1;Baloncesto;12473;1. deild karla;0
1;Baloncesto;11760;Russian Superleague B;0
1;Baloncesto;13837;Estonian Womens Championship;0
1;Baloncesto;12463;Netherlands Cup;0
1;Baloncesto;14657;LNB;0
1;Baloncesto;10430;NCAAB Partidos Extra;0
1;Baloncesto;16105;Lega A;0
1;Baloncesto;14872;LEB Plata;0
1;Baloncesto;10200;Cup;0
1;Baloncesto;10271;Polish Cup;0
1;Baloncesto;12460;2. Bundesliga Pro A;0
1;Baloncesto;10238;Estonian–Latvian Basketball League;0
1;Baloncesto;10520;Panama Basketball League;0
1;Baloncesto;31575;Russia UBA League;0
1;Baloncesto;15580;LMKL Woman ;0
1;Baloncesto;10822;Icelandic Cup Women;0
1;Baloncesto;10739;International Friendlies;0
1;Baloncesto;37782;Taiwan SSU League Women;0
1;Baloncesto;197513;Cameroon Championship National;0
1;Baloncesto;10146;EWBL Women;0
1;Baloncesto;13152;First Division Women;0
1;Baloncesto;13179;The First Erste League;0
1;Baloncesto;14614;Georgian Superleague;0
1;Baloncesto;13713;Turkey TBL;0
1;Baloncesto;1530;Euroleague;0
1;Baloncesto;11737;Super League Women;0
1;Baloncesto;36954;Russia Kopeysk Basketball League;0
1;Baloncesto;13714;Liga Telemach;0
1;Baloncesto;10898;BBL Pokal;0
1;Baloncesto;13970;PLK;0
1;Baloncesto;22098;Torneo Nacional de Ascenso;0
1;Baloncesto;12433;FIBA World Cup European Pre-Qualifiers;0
1;Baloncesto;12920;Japan WJBL Women;0
1;Baloncesto;197472;SBL, Women;0
1;Baloncesto;16120;Israeli National League;0
1;Baloncesto;16116;Copa de la Reina, Women;0
1;Baloncesto;15523;FIBA Europe Cup;0
1;Baloncesto;37002;Russian Work and Sport league;0
1;Baloncesto;13189;DBBL Bundesliga;0
1;Baloncesto;16115;Super League, Women;0
1;Baloncesto;11702;Iran Division 1;0
1;Baloncesto;14672;A1 Women;0
1;Baloncesto;14944;Ligue Nationale de Basket;0
1;Baloncesto;14673;Ligan;0
1;Baloncesto;12405;WBBL Women;0
1;Baloncesto;15085;NBL, Playoffs;0
1;Baloncesto;14687;Bulgarian First A1;0
1;Baloncesto;12641;TB2L ;0
1;Baloncesto;14082;LNB Pro A;0
1;Baloncesto;14693;Extraliga;0
1;Baloncesto;8961;BBL;0
1;Baloncesto;16097;NKL, Championship Round;0
1;Baloncesto;12688;FIBA AfroBasket Qualification;0
1;Baloncesto;12880;Argentina Torneo Provincial de Clubes de Mayores;0
1;Baloncesto;14694;NB 1.A;0
1;Baloncesto;12613;B League 2;0
1;Baloncesto;13998;Super 20;0
1;Baloncesto;12869;Mexico Liga ABE;0
1;Baloncesto;16062;Hungarian Cup Women;0
1;Baloncesto;29472;B2.League ;0
1;Baloncesto;1967;Apuestas Especiales - NBA 2019/2020;0
1;Baloncesto;21560;Basketball Champions League Americas;0
1;Baloncesto;12685;TBL;0
2;Tenis;1569;WTA Brisbane;0
2;Tenis;11549;ATP Challenger Koblenz -  Doubles;0
2;Tenis;13797;Monastir, Doubles W-ITF-TUN-08A;0
2;Tenis;22720;Kazan, Doubles W-ITF-RUS-03A;0
2;Tenis;1566;ATP Doha;0
2;Tenis;1565;ATP Cup Doubles;0
2;Tenis;22706;Olimpia, Singles W-ITF-BRA-04A;0
2;Tenis;11513;Perth, Doubles W-ITF-AUS-04A;0
2;Tenis;11512;Jodhpur, Singles W-ITF-IND-01A;0
2;Tenis;11511;Jodhpur, Doubles W-ITF-IND-01A;0
2;Tenis;11510;Antalya, Singles W-ITF-TUR-06A;0
2;Tenis;219561;Exo Tennis Germany Men Singles;0
2;Tenis;10745;Heraklion, Doubles M-ITF-GRE-01A;0
2;Tenis;70709;International Tennis Series 2020;0
2;Tenis;10437;Nicholasville, Doubles W-ITF-USA-05A;0
2;Tenis;10210;Lima, Singles M-ITF-PER-02A;0
2;Tenis;22691;Kazan, Doubles M-ITF-RUS-02A;0
2;Tenis;10367;Trnava, Doubles W-ITF-SVK-02A;0
2;Tenis;11481;Glasgow, Singles Qualifying M-ITF-GBR-02A;0
2;Tenis;15726;Potchefstroom, Doubles W-ITF-RSA-01A;0
2;Tenis;13574;Rancho Santa Fe, Singles Qualifying W-ITF-USA-07A;0
2;Tenis;10098;Monastir, Doubles M-ITF-TUN-06A;0
2;Tenis;10099;Monastir, Doubles W-ITF-TUN-06A;0
2;Tenis;13337;Sunderland, Singles Qualifying M-ITF-GBR-03A;0
2;Tenis;265791;Baltic Tennis League;0
2;Tenis;22685;Porec, Doubles M-ITF-CRO-01A;0
2;Tenis;13440;ATP Acapulco -  Doubles;0
2;Tenis;11457;Punta Del Este, Singles Qualifying M-ITF-URU-01A;0
2;Tenis;22662;Toulouse, Doubles M-ITF-FRA-05A;0
2;Tenis;13476;WTA Acapulco -  Doubles;0
2;Tenis;11439;Oberhaching, Singles Qualifying M-ITF-GER-02A;0
2;Tenis;15672;Sharm El Sheikh, Singles M-ITF-EGY-08A;0
2;Tenis;15639;Las Vegas, Doubles W-ITF-USA-08A;0
2;Tenis;10215;Cairo, Doubles W-ITF-EGY-06A;0
2;Tenis;15636;Las Vegas, Doubles M-ITF-USA-07A;0
2;Tenis;15631;Las Vegas, Singles W-ITF-USA-08A;0
2;Tenis;15605;Las Vegas, Singles M-ITF-USA-07A;0
2;Tenis;15601;Las Vegas, Singles Qualifying W-ITF-USA-08A;0
2;Tenis;15592;Las Vegas, Singles Qualifying M-ITF-USA-07A;0
2;Tenis;15591;Hurlingham, Doubles M-ITF-ARG-02A;0
2;Tenis;13333;Altenkirchen, Singles Qualifying W-ITF-GER-02A;0
2;Tenis;11395;ATP Challenger Morelos - Qualification;0
2;Tenis;10447;Antepost Betting;0
2;Tenis;11389;Cairo, Singles Qualifying W-ITF-EGY-07A;0
2;Tenis;13846;Trnava, Doubles M-ITF-SVK-01A;0
2;Tenis;10755;Heraklion, Doubles W-ITF-GRE-01A;0
2;Tenis;11380;Glasgow, Singles Qualifying W-ITF-GBR-01A;0
2;Tenis;13310;ATP Dubai -  Doubles;0
2;Tenis;11156;ATP Marseille -  Doubles;0
2;Tenis;8985;ATP New York;0
2;Tenis;13587;ATP Challenger Calgary -  Doubles;0
2;Tenis;10155;Naples, Singles M-ITF-USA-06A;0
2;Tenis;22640;Heraklion, Singles M-ITF-GRE-04A;0
2;Tenis;22637;Heraklion, Singles W-ITF-GRE-05A;0
2;Tenis;14939;Open 6ème Sens – Métropole de Lyon, France;0
2;Tenis;13038;Dubai Duty Free Tennis Championships Doubles Qualification;0
2;Tenis;13322;Macon, Singles Qualifying W-ITF-FRA-05A;0
2;Tenis;12575;WTA Doha - Qualification;0
2;Tenis;8982;Roland Garros 2020 Femenino - Anticipadas;0
2;Tenis;13852;Sunderland, Doubles W-ITF-GBR-03A;0
2;Tenis;22614;Potchefstroom, Doubles W-ITF-RSA-02A;0
2;Tenis;13159;ATP Dubai;0
2;Tenis;13191;WTA Doha -  Doubles;0
2;Tenis;81;Australian Open Men's Singles;0
2;Tenis;83;Australian Open Women's Doubles;0
2;Tenis;82;Australian Open Women's Singles;0
2;Tenis;61473;Exhibition Female Doubles;0
2;Tenis;15559;Hurlingham, Singles M-ITF-ARG-02A;0
2;Tenis;15546;Monastir, Doubles W-ITF-TUN-09A;0
2;Tenis;1099;ATP Cup;0
2;Tenis;15508;Potchefstroom, Doubles M-ITF-RSA-01A;0
2;Tenis;186971;Tennis Exhibition Atlanta;0
2;Tenis;22603;Kazan, Singles M-ITF-RUS-02A;0
2;Tenis;15492;Hurlingham, Singles Qualifying M-ITF-ARG-02A;0
2;Tenis;15468;Monastir, Doubles M-ITF-TUN-09A;0
2;Tenis;11276;ATP Challenger Bergamo - Qualification;0
2;Tenis;11275;ATP Challenger Morelos;0
2;Tenis;11268;Antalya, Singles M-ITF-TUR-06A;0
2;Tenis;15004;ATP Challenger Monterrey;0
2;Tenis;13882;Sunderland, Doubles M-ITF-GBR-03A;0
2;Tenis;15439;Potchefstroom, Singles W-ITF-RSA-01A;0
2;Tenis;236663;Grand Slam Tennis Tours MatchPlay 120;0
2;Tenis;15045;Mildura, Singles Qualifying M-ITF-AUS-03A;0
2;Tenis;15048;Mildura, Singles Qualifying W-ITF-AUS-06A;0
2;Tenis;15424;Heraklion, Doubles W-ITF-GRE-04A;0
2;Tenis;15062;Open 6ème Sens – Métropole de Lyon, France Doubles;0
2;Tenis;15423;Heraklion, Doubles M-ITF-GRE-06A;0
2;Tenis;15063;ATP Challenger Monterrey - Qualification;0
2;Tenis;10569;Aktobe, Singles M-ITF-KAZ-01A;0
2;Tenis;15006;WTA 125k Indian Wells;0
2;Tenis;15416;Faro, Doubles M-ITF-POR-02A;0
2;Tenis;1100;WTA Auckland;0
2;Tenis;1101;WTA Shenzhen;0
2;Tenis;15410;Antalya, Doubles M-ITF-TUR-09A;0
2;Tenis;16166;Davis Cup Single Matches;0
2;Tenis;143203;US Pro Tennis Series Women;0
2;Tenis;10647;Aktobe, Doubles M-ITF-KAZ-01A;0
2;Tenis;38178;Exhibition (best of 5 sets);0
2;Tenis;19630;Davis Cup Doubles;0
2;Tenis;17442;Davis Cup Double Matches, Group I-IV;0
2;Tenis;15007;WTA Monterrey;0
2;Tenis;15401;Antalya, Doubles W-ITF-TUR-08A;0
2;Tenis;39518;Exhibition Doubles;0
2;Tenis;14604;WTA Monterrey - Qualification;0
2;Tenis;11083;WTA Dubai - Qualification;0
2;Tenis;11159;WTA Dubai -  Doubles;0
2;Tenis;11154;WTA Dubai;0
2;Tenis;15393;Sharm El Sheikh, Doubles M-ITF-EGY-08A;0
2;Tenis;11157;ATP Rio de Janeiro -  Doubles;0
2;Tenis;11151;ATP Rio de Janeiro;0
2;Tenis;11158;ATP Marseille - Qualification;0
2;Tenis;11153;ATP Marseille;0
2;Tenis;11155;ATP Delray Beach -  Doubles;0
2;Tenis;11152;ATP Delray Beach;0
2;Tenis;15378;Heraklion, Singles W-ITF-GRE-04A;0
2;Tenis;11164;ATP Challenger Koblenz - Qualification;0
2;Tenis;11162;ATP Challenger Koblenz;0
2;Tenis;11161;ATP Challenger Drummondville;0
2;Tenis;15377;Heraklion, Singles M-ITF-GRE-06A;0
2;Tenis;11160;ATP Challenger Bergamo;0
2;Tenis;15376;Faro, Singles M-ITF-POR-02A;0
2;Tenis;15374;Monastir, Singles M-ITF-TUN-09A;0
2;Tenis;15368;Potchefstroom, Singles M-ITF-RSA-01A;0
2;Tenis;10384;Cancun, Doubles W-ITF-MEX-06A;0
2;Tenis;15362;Cairo, Doubles W-ITF-EGY-04A;0
2;Tenis;15345;Potchefstroom, Singles Qualifying M-ITF-RSA-01A;0
2;Tenis;15343;Yokohama, Doubles W-ITF-JPN-02A;0
2;Tenis;10112;Barnstaple, Doubles M-ITF-GBR-01A;0
2;Tenis;15336;Monastir, Singles W-ITF-TUN-09A;0
2;Tenis;15188;ATP Challenger Monterrey -  Doubles;0
2;Tenis;15331;Antalya, Singles W-ITF-TUR-08A;0
2;Tenis;15327;Potchefstroom, Singles Qualifying W-ITF-RSA-01A;0
2;Tenis;11089;Kyoto, Singles Qualifying W-ITF-JPN-01A;0
2;Tenis;11086;Jodhpur, Singles Qualifying W-ITF-IND-01A;0
2;Tenis;15314;Cairo, Singles W-ITF-EGY-04A;0
2;Tenis;15313;Sharm El Sheikh, Singles Qualifying M-ITF-EGY-08A;0
2;Tenis;11085;Aktobe, Singles Qualifying M-ITF-KAZ-02A;0
2;Tenis;237307;Grand Slam Tennis Tours MatchPlay 120 Women;0
2;Tenis;15159;WTA Monterrey -  Doubles;0
2;Tenis;15290;Antalya, Singles M-ITF-TUR-09A;0
2;Tenis;22548;Porec, Singles M-ITF-CRO-01A;0
2;Tenis;15162;WTA 125k Indian Wells - Qualification;0
2;Tenis;15161;WTA 125k Indian Wells -  Doubles;0
2;Tenis;167473;UTR Pro Match Series;0
2;Tenis;22535;Cairo, Doubles W-ITF-EGY-08A;0
2;Tenis;12540;Kyoto, Doubles W-ITF-JPN-01A;0
2;Tenis;15289;Mildura, Singles W-ITF-AUS-06A;0
2;Tenis;15286;Yokohama, Singles Qualifying W-ITF-JPN-02A;0
2;Tenis;15163;ATP Challenger Indian Wells - Qualification;0
2;Tenis;39043;Exhibition Female (best of 3 sets);0
2;Tenis;15285;Antalya, Singles Qualifying W-ITF-TUR-08A;0
2;Tenis;15100;ATP Challenger Indian Wells;0
2;Tenis;15274;Yokohama, Singles W-ITF-JPN-02A;0
2;Tenis;15271;Mildura, Doubles M-ITF-AUS-03A;0
2;Tenis;13908;Macon, Doubles W-ITF-FRA-05A;0
2;Tenis;15266;Mildura, Doubles W-ITF-AUS-06A;0
2;Tenis;15262;Mildura, Singles M-ITF-AUS-03A;0
2;Tenis;22531;Amiens, Doubles W-ITF-FRA-06A;0
2;Tenis;22528;Amiens, Singles W-ITF-FRA-06A;0
2;Tenis;13511;Terega Open Pau-Pyrennes Doubles;0
2;Tenis;13601;Rancho Santa Fe, Singles W-ITF-USA-07A;0
2;Tenis;22527;Loule, Singles M-ITF-POR-03A;0
2;Tenis;12515;Kyoto, Singles W-ITF-JPN-01A;0
2;Tenis;13916;Altenkirchen, Doubles W-ITF-GER-02A;0
2;Tenis;22502;Antalya, Doubles M-ITF-TUR-10A;0
2;Tenis;22498;Kazan, Singles W-ITF-RUS-03A;0
2;Tenis;13928;Trento, Doubles M-ITF-ITA-01A;0
2;Tenis;22488;Antalya, Singles M-ITF-TUR-10A;0
2;Tenis;13277;Abierto Mexicano Men's Championship Doubles Qualification;0
2;Tenis;10338;Naples, Doubles M-ITF-USA-06A;0
2;Tenis;13603;Rancho Santa Fe, Doubles W-ITF-USA-07A;0
2;Tenis;22484;Sharm El Sheikh, Doubles M-ITF-EGY-09A;0
2;Tenis;22472;Antalya, Doubles W-ITF-TUR-10A;0
2;Tenis;22466;Antalya, Singles W-ITF-TUR-10A;0
2;Tenis;22455;Monastir, Singles M-ITF-TUN-10A;0
2;Tenis;22447;Monastir, Singles W-ITF-TUN-10A;0
2;Tenis;22421;Cairo, Singles W-ITF-EGY-08A;0
2;Tenis;22420;Sharm El Sheikh, Singles Qualifying M-ITF-EGY-09A;0
2;Tenis;22410;Kolkata, Doubles M-ITF-IND-01B;0
2;Tenis;22372;Potchefstroom, Singles W-ITF-RSA-02A;0
2;Tenis;10339;Cancun, Doubles M-ITF-MEX-05A;0
2;Tenis;22247;Kolkata, Singles M-ITF-IND-01B;0
2;Tenis;24107;Sharm El Sheikh, Singles M-ITF-EGY-09A;0
2;Tenis;22228;Geelong, Doubles M-ITF-AUS-04A;0
2;Tenis;22201;ATP Potchefstroom Open Challenger Doubles;0
2;Tenis;22154;Geelong, Singles M-ITF-AUS-04A;0
2;Tenis;12832;WTA Doha;0
2;Tenis;22061;Geelong, Singles Qualifying M-ITF-AUS-04A;0
2;Tenis;21780;Loule, Singles Qualifying M-ITF-POR-03A;0
2;Tenis;21666;Cairo, Singles Qualifying W-ITF-EGY-08A;0
2;Tenis;21622;Doha, Singles Qualifying M-ITF-QAT-01A;0
2;Tenis;12842;ATP Dubai - Qualification;0
2;Tenis;13617;Perth, Singles Qualifying W-ITF-AUS-05A;0
2;Tenis;2501;Australian Open Women´s Singles Qualification;0
2;Tenis;24540;Doha, Singles M-ITF-QAT-01A;0
2;Tenis;12399;Punta Del Este, Doubles M-ITF-URU-01A;0
2;Tenis;13375;Sunderland, Singles Qualifying W-ITF-GBR-03A;0
2;Tenis;2502;ATP Adelaide International;0
2;Tenis;2503;ATP Auckland;0
2;Tenis;13619;Perth, Singles W-ITF-AUS-05A;0
2;Tenis;21505;ATP Potchefstroom Open Challenger;0
2;Tenis;21494;ATP Potchefstroom Open Challenger Qualification;0
2;Tenis;21492;Toulouse, Singles Qualifying M-ITF-FRA-05A;0
2;Tenis;21446;Kazan, Singles Qualifying W-ITF-RUS-03A;0
2;Tenis;158482;Spring Tour;0
2;Tenis;158356;Belarus Masters League Doubles;0
2;Tenis;21442;Potchefstroom, Singles Qualifying W-ITF-RSA-02A;0
2;Tenis;21441;Kazan, Singles Qualifying M-ITF-RUS-02A;0
2;Tenis;21412;ATP Challenger Astana - Qualification;0
2;Tenis;10244;Nicholasville, Singles W-ITF-USA-05A;0
2;Tenis;13625;Perth, Doubles W-ITF-AUS-05A;0
2;Tenis;13636;Antalya, Singles Qualifying M-ITF-TUR-08A;0
2;Tenis;21389;ATP Challenger Astana -  Doubles;0
2;Tenis;13641;Sharm El Sheikh, Singles Qualifying M-ITF-EGY-07A;0
2;Tenis;2504;WTA Adelaide International;0
2;Tenis;2505;WTA Hobart;0
2;Tenis;13479;ATP Challenger Columbus;0
2;Tenis;13483;Moscow, Singles Qualifying W-ITF-RUS-01A;0
2;Tenis;51770;Belarus Exhibition Female (best of 3 sets);0
2;Tenis;21269;ATP Challenger Astana;0
2;Tenis;8991;WTA Hua Hin;0
2;Tenis;2506;ATP Adelaide International Doubles;0
2;Tenis;2507;ATP Auckland -  Doubles;0
2;Tenis;2508;WTA Adelaide International Doubles;0
2;Tenis;13086;WTA Acapulco - Qualification;0
2;Tenis;2509;WTA Hobart -  Doubles;0
2;Tenis;14096;Vale Do Lobo, Doubles M-ITF-POR-01A;0
2;Tenis;263311;US Pro Tennis Series East;0
2;Tenis;23642;Irapuato, Doubles W-ITF-MEX-01A;0
2;Tenis;13535;ATP Challenger Columbus, Qualification;0
2;Tenis;13652;Antalya, Doubles M-ITF-TUR-08A;0
2;Tenis;8986;Apuestas Anticipadas;0
2;Tenis;8994;ATP Challenger Bangalore;0
2;Tenis;154958;UTC Pro Match Series;0
2;Tenis;13360;Chile Dove Men+Care Open;0
2;Tenis;8995;ATP Challenger Cherbourg;0
2;Tenis;8996;ATP Challenger Cleveland;0
2;Tenis;8997;ATP Challenger Bangalore -  Doubles;0
2;Tenis;13355;Terega Open Pau-Pyrennes;0
2;Tenis;13653;Antalya, Singles M-ITF-TUR-08A;0
2;Tenis;8998;ATP Challenger Cherbourg -  Doubles;0
2;Tenis;20586;Olimpia, Singles Qualifying W-ITF-BRA-04A;0
2;Tenis;8999;ATP Challenger Cleveland -  Doubles;0
2;Tenis;9000;Barnstaple, Singles M-ITF-GBR-01A;0
2;Tenis;9001;Grenoble, Doubles M-ITF-FRA-04A;0
2;Tenis;9002;Grenoble, Singles M-ITF-FRA-04A;0
2;Tenis;9003;Heraklion, Singles M-ITF-GRE-01A;0
2;Tenis;9004;Monastir, Singles M-ITF-TUN-06A;0
2;Tenis;9005;Sharm El Sheikh, Singles M-ITF-EGY-05A;0
2;Tenis;9006;Cairo, Singles W-ITF-EGY-06A;0
2;Tenis;12138;Cancun, Doubles W-ITF-MEX-07A;0
2;Tenis;9007;Grenoble, Singles W-ITF-FRA-04A;0
2;Tenis;9008;Heraklion, Singles W-ITF-GRE-01A;0
2;Tenis;9009;Monastir, Singles W-ITF-TUN-06A;0
2;Tenis;9010;Trnava, Singles W-ITF-SVK-02A;0
2;Tenis;8984;ATP Buenos Aires;0
2;Tenis;8988;ATP Buenos Aires -  Doubles;0
2;Tenis;8987;WTA San Petersburg;0
2;Tenis;8993;WTA San Petersburg -  Doubles;0
2;Tenis;8992;WTA Hua Hin -  Doubles;0
2;Tenis;8989;ATP New York -  Doubles;0
2;Tenis;8983;ATP Rotterdam;0
2;Tenis;12112;Cancun, Doubles M-ITF-MEX-06A;0
2;Tenis;8990;ATP Rotterdam -  Doubles;0
2;Tenis;8981;Roland Garros 2020 Masculino - Anticipadas;0
2;Tenis;19698;Amiens, Singles Qualifying W-ITF-FRA-06A;0
2;Tenis;19572;Porec, Singles Qualifying M-ITF-CRO-01A;0
2;Tenis;17558;Davis Cup Double Matches;0
2;Tenis;2686;Australian Open Men´s Singles Qualification;0
2;Tenis;52437;Belarus Exhibition (best of 3 sets);0
2;Tenis;10415;Lima, Doubles M-ITF-PER-02A;0
2;Tenis;10728;Sharm El Sheikh, Doubles M-ITF-EGY-05A;0
2;Tenis;12077;ATP Challenger Morelos -  Doubles;0
2;Tenis;23466;Irapuato, Singles W-ITF-MEX-01A;0
2;Tenis;14332;Heraklion, Doubles M-ITF-GRE-03A;0
2;Tenis;213398;Exo-Tennis Atlanta 2020, Women;0
2;Tenis;13654;Heraklion, Singles M-ITF-GRE-03A;0
2;Tenis;23246;Cancun, Doubles W-ITF-MEX-08A;0
2;Tenis;81492;Exhibition Games;0
2;Tenis;10135;Cancun, Singles M-ITF-MEX-05A;0
2;Tenis;10136;Cancun, Singles W-ITF-MEX-06A;0
2;Tenis;13655;Monastir, Singles M-ITF-TUN-08A;0
2;Tenis;23120;Cancun, Doubles M-ITF-MEX-07A;0
2;Tenis;222475;UTR Pro Match Series, Women;0
2;Tenis;3900;Australian Open Men´s Singles;0
2;Tenis;3901;Australian Open Women´s Singles;0
2;Tenis;11983;ATP Challenger Drummondville -  Doubles;0
2;Tenis;3945;Australian Open Doubles;0
2;Tenis;11978;Aktobe, Doubles M-ITF-KAZ-02A;0
2;Tenis;3946;Australian Open Women´s Doubles;0
2;Tenis;152245;Marbello Series Exhibition;0
2;Tenis;13549;ATP Challenger Calgary - Qualification;0
2;Tenis;13656;Sharm El Sheikh, Doubles M-ITF-EGY-07A;0
2;Tenis;152225;Marbello Cup;0
2;Tenis;14443;Open 6ème Sens – Métropole de Lyon, France Qualification;0
2;Tenis;22878;Olimpia, Doubles W-ITF-BRA-04A;0
2;Tenis;13657;Sunderland, Singles M-ITF-GBR-03A;0
2;Tenis;13085;ATP Acapulco - Qualification;0
2;Tenis;16167;Davis Cup Single Matches, Group I-IV;0
2;Tenis;22827;Doha, Doubles M-ITF-QAT-01A;0
2;Tenis;10425;Hamilton, Singles W-ITF-NZL-01A;0
2;Tenis;11932;Punta Del Este, Singles M-ITF-URU-01A;0
2;Tenis;13658;Vale Do Lobo, Singles M-ITF-POR-01A;0
2;Tenis;13659;Altenkirchen, Singles W-ITF-GER-02A;0
2;Tenis;13660;Antalya, Doubles W-ITF-TUR-07A;0
2;Tenis;247286;Czech Presidential Cup, Women;0
2;Tenis;11910;Sharm El Sheikh, Singles M-ITF-EGY-06A;0
2;Tenis;13283;ATP Acapulco;0
2;Tenis;247013;Exo Tennis Germany Series;0
2;Tenis;1562;WTA Open de Australia 2020 - Anticipadas;0
2;Tenis;10513;Hamilton, Doubles W-ITF-NZL-01A;0
2;Tenis;11861;Perth, Singles W-ITF-AUS-04A;0
2;Tenis;13558;ATP Challenger Columbus,  Doubles;0
2;Tenis;15212;ATP Challenger Indian Wells -  Doubles;0
2;Tenis;13661;Heraklion, Singles W-ITF-GRE-03A;0
2;Tenis;22777;Loule, Doubles M-ITF-POR-03A;0
2;Tenis;13493;Trento, Singles Qualifying M-ITF-ITA-01A;0
2;Tenis;22774;Cancun, Singles W-ITF-MEX-08A;0
2;Tenis;11811;Monastir, Doubles W-ITF-TUN-07A;0
2;Tenis;246482;Czech Presidential Cup;0
2;Tenis;77561;Belarus Masters League;0
2;Tenis;11807;Oberhaching, Doubles M-ITF-GER-02A;0
2;Tenis;230465;SK Soccer Kup;0
2;Tenis;36641;Russia Liga Pro;0
2;Tenis;77317;Belarus Masters League Women;0
2;Tenis;246222;Russia Liga PRO;0
2;Tenis;11791;Cancun, Singles M-ITF-MEX-06A;0
2;Tenis;11789;Cancun, Singles W-ITF-MEX-07A;0
2;Tenis;246065;O Cup of the CTS President Women;0
2;Tenis;13662;Macon, Singles W-ITF-FRA-05A;0
2;Tenis;13663;Monastir, Singles W-ITF-TUN-08A;0
2;Tenis;11781;Monastir, Doubles M-ITF-TUN-07A;0
2;Tenis;246064;O Cup of the CTS President;0
2;Tenis;13437;ATP Challenger Calgary;0
2;Tenis;11775;Glasgow, Doubles M-ITF-GBR-02A;0
2;Tenis;230756;Austrian Pro Series Men Singles;0
2;Tenis;11765;Cairo, Doubles W-ITF-EGY-07A;0
2;Tenis;11764;Glasgow, Doubles W-ITF-GBR-01A;0
2;Tenis;22767;Toulouse, Singles M-ITF-FRA-05A;0
2;Tenis;13664;Moscow, Doubles W-ITF-RUS-01A;0
2;Tenis;13665;Moscow, Singles W-ITF-RUS-01A;0
2;Tenis;16079;Davis Cup;0
2;Tenis;13666;Sunderland, Singles W-ITF-GBR-03A;0
2;Tenis;13668;Trento, Singles M-ITF-ITA-01A;0
2;Tenis;13681;Heraklion, Doubles W-ITF-GRE-03A;0
2;Tenis;13273;WTA Acapulco;0
2;Tenis;245254;Base Tennis Exhibition Series Germany 2020;0
2;Tenis;244341;UTF Ladies Invitational;0
2;Tenis;11738;Heraklion, Doubles M-ITF-GRE-02A;0
2;Tenis;13716;Sharm El Sheikh, Singles M-ITF-EGY-07A;0
2;Tenis;13717;Trnava, Singles M-ITF-SVK-01A;0
2;Tenis;22766;Cancun, Singles M-ITF-MEX-07A;0
2;Tenis;121154;Tennis Point Exhibition Series;0
2;Tenis;13718;Antalya, Singles W-ITF-TUR-07A;0
2;Tenis;242462;US Pro Tennis Series, Women;0
2;Tenis;11709;Antalya, Doubles M-ITF-TUR-07A;0
2;Tenis;22758;Heraklion, Doubles M-ITF-GRE-04A;0
2;Tenis;13499;Chile Dove Men+Care Open Doubles;0
2;Tenis;1574;WTA Shenzhen -  Doubles;0
2;Tenis;11697;Heraklion, Doubles W-ITF-GRE-02A;0
2;Tenis;1573;WTA Brisbane -  Doubles;0
2;Tenis;13746;Monastir, Doubles M-ITF-TUN-08A;0
2;Tenis;11684;Oberhaching, Singles M-ITF-GER-02A;0
2;Tenis;11680;Glasgow, Singles M-ITF-GBR-02A;0
2;Tenis;22742;Heraklion, Doubles W-ITF-GRE-05A;0
2;Tenis;13063;Chile Dove Men+Care Open Qualification;0
2;Tenis;13772;Rio Cuarto, Singles M-ITF-ARG-01A;0
2;Tenis;5150;Australian Open Mixed Doubles;0
2;Tenis;1572;WTA Auckland -  Doubles;0
2;Tenis;11667;Glasgow, Singles W-ITF-GBR-01A;0
2;Tenis;11666;Antalya, Doubles W-ITF-TUR-06A;0
2;Tenis;11664;Sharm El Sheikh, Doubles M-ITF-EGY-06A;0
2;Tenis;11654;Heraklion, Singles M-ITF-GRE-02A;0
2;Tenis;11653;Heraklion, Singles W-ITF-GRE-02A;0
2;Tenis;196857;Exo-Tennis Atlanta 2020;0
2;Tenis;11646;ATP Challenger Bergamo -  Doubles;0
2;Tenis;148461;Exhibition Games, Women;0
2;Tenis;11639;Monastir, Singles W-ITF-TUN-07A;0
2;Tenis;11638;Cairo, Singles W-ITF-EGY-07A;0
2;Tenis;11637;Monastir, Singles M-ITF-TUN-07A;0
2;Tenis;10039;Grenoble, Doubles W-ITF-FRA-04A;0
2;Tenis;36818;Exhibition;0
2;Tenis;11613;Antalya, Singles M-ITF-TUR-07A;0
2;Tenis;13776;Rio Cuarto, Doubles M-ITF-ARG-01A;0
2;Tenis;13433;Terega Open Pau-Pyrennes Qualification;0
2;Tenis;37367;Russia Liga Pro Women;0
2;Tenis;1571;ATP Doha -  Doubles;0
2;Tenis;11599;Aktobe, Singles M-ITF-KAZ-02A;0
2;Tenis;11596;Sharm El Sheikh, Singles Qualifying M-ITF-EGY-06A;0
66;Fútbol;12482;Nedbank Cup;0
66;Fútbol;13040;National Super League;0
66;Fútbol;13033;Liga Bet North A;0
66;Fútbol;13528;Primera Division Reservas;0
66;Fútbol;2340;Serie B;0
66;Fútbol;13533;Scotland SPFL Reserve Cup;0
66;Fútbol;13534;West Bank Premier League;0
66;Fútbol;12943;Australia Queensland National Premier League Women;0
66;Fútbol;13566;Club Friendly Games, Women;0
66;Fútbol;1757;Liga Águila;0
66;Fútbol;13567;Colombia Liga Antioqueña de Fútbol;0
66;Fútbol;1750;A-League;0
66;Fútbol;1748;Ligat Winner;0
66;Fútbol;1745;Greek Cup;0
66;Fútbol;13568;Sudan Premier League;0
66;Fútbol;12913;Campeonato Mato-Grossense;0
66;Fútbol;12910;Australia South State League Reserves;0
66;Fútbol;13586;Croky Cup U21;0
66;Fútbol;1737;Liga MX;0
66;Fútbol;12903;South Australian Premier League Reserves;0
66;Fútbol;13589;Belgian Pro League U21;0
66;Fútbol;12897;Liga Premier;0
66;Fútbol;12894;Thailand League Cup;0
66;Fútbol;12893;Fiji National Football League;0
66;Fútbol;12892;Mexico Liga Premier Serie B;0
66;Fútbol;13592;Primera D Metropolitana, Clausura;0
66;Fútbol;1735;Scottish League Two;0
66;Fútbol;12883;KSAFA Super League;0
66;Fútbol;13597;Regionalliga Northeast;0
66;Fútbol;1734;Scottish League One;0
66;Fútbol;12871;Primera B Metropolitana;0
66;Fútbol;13599;1.Division;0
66;Fútbol;1733;Scottish Championship;0
66;Fútbol;12829;Campeonato Gaúcho - 1ª Divisão;0
66;Fútbol;12875;BGL Ligue;0
66;Fútbol;12873;Argentino Torneo A;0
66;Fútbol;12863;Liga B;0
66;Fútbol;12851;Mexico League MX Women;0
66;Fútbol;1731;Super Lig;0
66;Fútbol;1730;Jupiler League;0
66;Fútbol;1729;Eredivisie;0
66;Fútbol;12819;National League, Championship Group;0
66;Fútbol;1725;Segunda Liga;0
66;Fútbol;1722;Primeira Liga;0
66;Fútbol;1702;Ligue 2;0
66;Fútbol;12801;Championnat de France Amateurs;0
66;Fútbol;1692;Ligue 1;0
66;Fútbol;1682;Coppa Italia;0
66;Fútbol;1678;Serie A;0
66;Fútbol;1662;Bundesliga;0
66;Fútbol;12757;2.Division;0
66;Fútbol;12745;Portugal Liga Revelacao U23;0
66;Fútbol;12741;Hessenliga;0
66;Fútbol;222798;Eximbank National Cup;0
66;Fútbol;102821;Vtoraya Liga, Zone A;0
66;Fútbol;13695;Copa Argentina;0
66;Fútbol;13696;Welsh Cup;0
66;Fútbol;12715;Superleague of Kosovo;0
66;Fútbol;219747;Turkmenitan First League;0
66;Fútbol;1658;FA Trophy;0
66;Fútbol;13795;Coppa Italia, Women;0
66;Fútbol;25087;Women´s Euro, Qualification Group 4;0
66;Fútbol;12648;Primera Division Reservas ;0
66;Fútbol;12647;Thailand Division 1;0
66;Fútbol;12639;Liga Bet South A;0
66;Fútbol;12628;Liga Alef South;0
66;Fútbol;13830;Bahrain 1st Division;0
66;Fútbol;1653;League Two;0
66;Fútbol;1650;League One;0
66;Fútbol;1645;Championship;0
66;Fútbol;13834;Pirelli Russian Cup;0
66;Fútbol;12612;1st Division;0
66;Fútbol;12599;Australia FFA Cup Qualifying;0
66;Fútbol;12597;I-League 2nd Division;0
66;Fútbol;12584;Myanmar National League 2;0
66;Fútbol;12583;Liga Bet;0
66;Fútbol;12576;Oberliga;0
66;Fútbol;12574;Unibank Premyer Liqasi;0
66;Fútbol;12480;Brazil Campeonato Amazonense;0
66;Fútbol;12556;J2 League;0
66;Fútbol;12560;Regionalliga West;0
66;Fútbol;12558;Regionalliga Southwest;0
66;Fútbol;25687;Angola Girabola;0
66;Fútbol;12535;ASB Premiership;0
66;Fútbol;12534;BH Premier League;0
66;Fútbol;1628;Premier League;0
66;Fútbol;12523;Kategoria Superiore;0
66;Fútbol;165494;Club Friendlies Extra;0
66;Fútbol;165780;Hana Bank FA Cup;0
66;Fútbol;12498;Brazil Campeonato Piauiense;0
66;Fútbol;12483;Leinster Senior League, Senior Division;0
66;Fútbol;12479;Campeonato Paranaense de Futebol Profissional - Série Ouro ;0
66;Fútbol;26325;Saudi Professional League;0
66;Fútbol;12461;Wiener Landescup;0
66;Fútbol;12456;Meridian Superliga;0
66;Fútbol;13960;Oberliga Niederrhein;0
66;Fútbol;12432;Egyptian Super Cup;0
66;Fútbol;14009;CAF Champions League;0
66;Fútbol;14010;U23 International Friendlies;0
66;Fútbol;13972;MLS;0
66;Fútbol;1608;Club Friendlies;0
66;Fútbol;45665;Taiwan University Football League Femenino;0
66;Fútbol;45663;Taiwan University Football League Women;0
66;Fútbol;12369;Bahraini King's Cup;0
66;Fútbol;14026;Regionalliga Öst;0
66;Fútbol;14034;Oberliga Baden-Württemberg;0
66;Fútbol;14037;Armenia Premier League;0
66;Fútbol;45605;Taiwan University Football League;0
66;Fútbol;14055;Nepal B Division;0
66;Fútbol;12337;Myanmar National League;0
66;Fútbol;12336;UAE President Cup;0
66;Fútbol;12335;Australia Football Queensland Premier League;0
66;Fútbol;12334;Liga II ;0
66;Fútbol;12333;2.HNL;0
66;Fútbol;12330;Brazil Campeonato Maranhense;0
66;Fútbol;12329;Campeonato Acriano;0
66;Fútbol;12328;Bremen-Liga;0
66;Fútbol;14066;U21;0
66;Fútbol;8924;Ekstraklasa;0
66;Fútbol;8900;Especiales Champions League 19/20 - Fútbol;0
66;Fútbol;11598;CONCACAF Champions League;0
66;Fútbol;14072;South Australian State League;0
66;Fútbol;14077;I Liga;0
66;Fútbol;14095;Premier League Reserves;0
66;Fútbol;45447;ALF Championship, First League;0
66;Fútbol;14164;Tunisia Cup;0
66;Fútbol;14166;Rep. Checa Primera División Femenina;0
66;Fútbol;45415;Tajikistan Vyschaya Liga;0
66;Fútbol;45414;Tajikistan Super Cup;0
66;Fútbol;12277;WNPL Copa de Pretemporada Femenina;0
66;Fútbol;12276;Poland Cup Women;0
66;Fútbol;154399;K-League;0
66;Fútbol;1601;UEFA Europa League;0
66;Fútbol;12179;Copa do Nordeste;0
66;Fútbol;14199;Leinster Senior League;0
66;Fútbol;14201;Marie Curie Irish Cup;0
66;Fútbol;14238;Liga Super Malaysia;0
66;Fútbol;12129;Kuwait Emir Cup;0
66;Fútbol;14312;Kazakhstan Super Cup;0
66;Fútbol;14317;First League;0
66;Fútbol;14328;Syrian League;0
66;Fútbol;12031;CPL-1;0
66;Fútbol;14383;Oman 1st Division League;0
66;Fútbol;14391;Estonian Super Cup;0
66;Fútbol;14407;Tschechien Cup;0
66;Fútbol;14408;Super Cup;0
66;Fútbol;14426;Campeonato Catarinense;0
66;Fútbol;43240;Vysshaya Liga Dublery (Reserve L);0
66;Fútbol;14427;Brazil Campeonato Paraense;0
66;Fútbol;11998;Federation Cup;0
66;Fútbol;11994;Argentina National B Division Reserves;0
66;Fútbol;11992;Qatar Stars League;0
66;Fútbol;11991;Westfield W-League;0
66;Fútbol;11976;3 Lig, Group 3;0
66;Fútbol;11975;Spor Toto 3. Lig Group 2;0
66;Fútbol;11974;Airtricity League First Division;0
66;Fútbol;11973;Danish Landspokal;0
66;Fútbol;11972;Erste Liga;0
66;Fútbol;11971;Campeonato Sergipano;0
66;Fútbol;11970;Campeonato Paraibano;0
66;Fútbol;11968;U23 Premier League;0
66;Fútbol;42892;Belarus Women Super Cup;0
66;Fútbol;42878;Burundi President´s Cup;0
66;Fútbol;53372;Belarus Division 1;0
66;Fútbol;14462;TT Pro League;0
66;Fútbol;11920;Spor Toto 2. League Group Beyaz;0
66;Fútbol;11918;2. Lig;0
66;Fútbol;14496;Jordan Super Cup;0
66;Fútbol;11914;Spor Toto 3. Lig Group 1;0
66;Fútbol;11908;Womans´s Superliga;0
66;Fútbol;11756;México;0
66;Fútbol;14524;Erovnuli Liga;0
66;Fútbol;14525;S.League;0
66;Fútbol;1542;UEFA European Championship Qualification;0
66;Fútbol;230449;II Liiga Louna/Lääs ;0
66;Fútbol;11813;Iranian Hazfi Cup;0
66;Fútbol;11787;English Development League Central Division;0
66;Fútbol;11784;Divsion 2;0
66;Fútbol;11776;Development League U23;0
66;Fútbol;14556;Brazilian Gaucho 2º Divisão;0
66;Fútbol;11762;Beloften Eerste Divisie;0
66;Fútbol;11761;Scotland SPFL Reserve League;0
66;Fútbol;11759;Uganda Super League;0
66;Fútbol;14562;MultiChoice Diski Challenge;0
66;Fútbol;14565;I-League, 2nd Division;0
66;Fútbol;14567;Cambodia C-League;0
66;Fútbol;11746;Argentina Primera C Metropolitana Reserves;0
66;Fútbol;11743;Cameroon Ligue 2;0
66;Fútbol;14583;Thailand Division 2 South;0
66;Fútbol;14585;Liga 2;0
66;Fútbol;14587;Australia South State League 2;0
66;Fútbol;11740;The Central League Cup;0
66;Fútbol;54390;eLiga MX;0
66;Fútbol;14628;Ekstraliga, Women;0
66;Fútbol;14637;Second Professional League;0
66;Fútbol;14640;Malaysian Premier League;0
66;Fútbol;14643;2nd Division, Promotion Round;0
66;Fútbol;14650;CAF Confederation Cup;0
66;Fútbol;14653;National First Division;0
66;Fútbol;14660;Tweede Divisie;0
66;Fútbol;14670;Championship 1;0
66;Fútbol;1576;UEFA Champions League;0
66;Fútbol;14671;Irish Cup;0
66;Fútbol;14680;Regionalliga East;0
66;Fútbol;56635;Burundi Nationale B;0
66;Fútbol;11690;Algeria U21 League 2;0
66;Fútbol;14688;Mittelrheinliga;0
66;Fútbol;231804;Estonian II Liiga;0
66;Fútbol;11643;Copa Colombia;0
66;Fútbol;11597;CONMEBOL Recopa Sudamericana;0
66;Fútbol;147180;K-League 1;0
66;Fútbol;14703;English WSL Cup;0
66;Fútbol;14707;Campeonato Baiano 1ª Divisão;0
66;Fútbol;11645;Oman Sultan Cup;0
66;Fútbol;11644;Cymru Alliance;0
66;Fútbol;11608;Premier League Cup U23;0
66;Fútbol;11607;Evo-Stik Northern Premier League;0
66;Fútbol;14769;Guatemala Liga Nacional Women;0
66;Fútbol;233651;Esiliiga ;0
66;Fútbol;233665;Faroe Islands League Women;0
66;Fútbol;14773;English Premier League;0
66;Fútbol;14774;Champions League;0
66;Fútbol;1563;FIFA International Friendlies;0
66;Fútbol;14772;La Liga Santander;0
66;Fútbol;11489;South African National Division One;0
66;Fútbol;11480;Greece Super League 2;0
66;Fútbol;11476;Super League 2;0
66;Fútbol;14815;Premier League NSW;0
66;Fútbol;11460;Palestine Gaza Strip Premiere League;0
66;Fútbol;11459;Egyptian Second Division;0
66;Fútbol;263722;Kosovo Cup;0
66;Fútbol;14850;Thailand Division 2 North Region;0
66;Fútbol;1555;UEFA European Football Championship;0
66;Fútbol;11452;Danish Reserveholdsturneringerne;0
66;Fútbol;11451;Liga Alef North;0
66;Fútbol;14855;Wien Landesliga;0
66;Fútbol;11410;Division 2;0
66;Fútbol;11398;Liga de Reservas Paraguay;0
66;Fútbol;234731;ALF Championship, Second League;0
66;Fútbol;11392;Mumbai Elite Division;0
66;Fútbol;14883;Primera Division, Women;0
66;Fútbol;235027;II Liiga Ida/Põhi;0
66;Fútbol;14888;Superliga, Women;0
66;Fútbol;14902;Serbian Prva Liga;0
66;Fútbol;11354;J. League;0
66;Fútbol;14907;Bulgarian Cup;0
66;Fútbol;14918;Italy Serie D Girone E;0
66;Fútbol;14919;Italy Serie D Girone G;0
66;Fútbol;14926;Italy Serie D Girone I;0
66;Fútbol;14927;Premier League Women;0
66;Fútbol;14930;Italy Serie D Girone H;0
66;Fútbol;14935;Oberliga Mittelrhein;0
66;Fútbol;14933;South Australian Premier League;0
66;Fútbol;14775;Europa League;0
66;Fútbol;61054;MediaTek Intercity Football League;0
66;Fútbol;11353;National Premier Leagues Queensland;0
66;Fútbol;11352;Egypt Cup;0
66;Fútbol;14776;Segunda división;0
66;Fútbol;11351;1ª Division;0
66;Fútbol;60842;UEFA Nations League B;0
66;Fútbol;11350;BOV Premier League;0
66;Fútbol;14777;Internacional (Eurocopa 2020);0
66;Fútbol;14949;Oberliga Rheinland-Pfalz/Saar;0
66;Fútbol;11346;Scottish Cup;0
66;Fútbol;11344;National B Division;0
66;Fútbol;11302;Checkatrade Trophy;0
66;Fútbol;187225;Reserve League;0
66;Fútbol;14983;Austrian Cup;0
66;Fútbol;15001;Liga MX, Women, Clausura;0
66;Fútbol;15014;Cupa României Timisoreana;0
66;Fútbol;1532;Super Copa;0
66;Fútbol;187803;Croatian Cup;0
66;Fútbol;15077;India Manipur State League;0
66;Fútbol;1529;LaLiga2;0
66;Fútbol;14943;Ecuador Primera B;0
66;Fútbol;15119;Georgian Pirveli Liga;0
66;Fútbol;1528;La Liga;0
66;Fútbol;15156;Slovnaft Cup;0
66;Fútbol;15168;Allsvenskan U21;0
66;Fútbol;15215;Israeli State Cup;0
66;Fútbol;14778;USA NISA;0
66;Fútbol;10645;Myanmar National League U21;0
66;Fútbol;10175;Cearense Série A;0
66;Fútbol;65743;Belarus 2. Division;0
66;Fútbol;15242;Northern Premier League, Premier Division;0
66;Fútbol;15245;Scottish Premier Reserve League;0
66;Fútbol;10387;Liga Nacional de Honduras;0
66;Fútbol;8928;Primera B;0
66;Fútbol;66470;Tajikistan Vyschaya Liga U21;0
66;Fútbol;10711;Algerian U21 Youth League;0
66;Fútbol;10386;Challenge League;0
66;Fútbol;10316;Brazilian Football Championship Women;0
66;Fútbol;10315;Brazil Campeonato Brasiliense;0
66;Fútbol;10633;AFC Women Olympic Qualification;0
66;Fútbol;38703;ALF Championship, Vysshaya Liga;0
66;Fútbol;38688;Russia Plyushevaya League;0
66;Fútbol;15366;Mundialito de Futebol Algarve Women;0
66;Fútbol;10912;Ghanaian Premier League;0
66;Fútbol;10911;UAE League Division 1;0
66;Fútbol;10910;Football West Night Series;0
66;Fútbol;10909;Corgon Liga;0
66;Fútbol;10905;Copa Pilsener;0
66;Fútbol;15414;FIFA Womens International Friendlies;0
66;Fútbol;67218;Pervaya Liga;0
66;Fútbol;67410;Turkmenistan Yokary Liga;0
66;Fútbol;38472;Women´s Club Friendlies;0
66;Fútbol;10759;Saudi League 2nd Division;0
66;Fútbol;10108;Tanzania Premier League;0
66;Fútbol;10157;Second League;0
66;Fútbol;38170;Nicaragua Youth League;0
66;Fútbol;38168;U20 Liga Primera Juvenil;0
66;Fútbol;12454;Prva Liga;0
66;Fútbol;15478;National League;0
66;Fútbol;10535;Nepal A Division;0
66;Fútbol;10105;Peace Cup;0
66;Fútbol;15564;Bosnia-Herzegovina - Kup BiH;0
66;Fútbol;15604;Polish Cup;0
66;Fútbol;10372;Argentina Primera D Metropolitana;0
66;Fútbol;10379;Egipt Premier League;0
66;Fútbol;10956;Campeonato Paulista;0
66;Fútbol;10377;League Marfin Laiki;0
66;Fútbol;10371;Championnat National;0
66;Fútbol;37812;Russia Winter Tournament Perm;0
66;Fútbol;15677;Cambodia Prime Minister Cup;0
66;Fútbol;15698;Club Friendly Games;0
66;Fútbol;27511;Nepal Aaha!RARA Gold Cup;0
66;Fútbol;15719;Argentina Torneo de Reserva Primera B Metropolitana;0
66;Fútbol;10697;Goa Pro League;0
66;Fútbol;10247;Svenska Cupen;0
66;Fútbol;10246;Algeria Coupe Nationale;0
66;Fútbol;10245;QNB Cup;0
66;Fútbol;10237;PFG;0
66;Fútbol;10212;National League North;0
66;Fútbol;70246;Turkmenistan Youth League;0
66;Fútbol;10378;Finnish Cup;0
66;Fútbol;37693;Malawi Premier League;0
66;Fútbol;10632;Oman Premier League;0
66;Fútbol;10612;Women Bundesliga;0
66;Fútbol;37692;Burundi Premier League;0
66;Fútbol;10528;Copa Argentina - Clasificación;0
66;Fútbol;15761;Australia National Premier League South women;0
66;Fútbol;15769;2. Liga;0
66;Fútbol;15770;Premium Liiga;0
66;Fútbol;15783;Niederrheinpokal;0
66;Fútbol;15790;Oberliga Niedersachsen;0
66;Fútbol;10884;Lega Pro Divisione Girone C;0
66;Fútbol;10883;Serie C Girone B;0
66;Fútbol;10882;Serie C Girone A;0
66;Fútbol;10868;Oberliga Westfalen;0
66;Fútbol;10862;English U21 League 2;0
66;Fútbol;10861;Premier League U23;0
66;Fútbol;10857;Orange CAF Super Cup;0
66;Fútbol;15835;Philippines UAAP Championship;0
66;Fútbol;37497;Aruban Division di Honor;0
66;Fútbol;11027;India Mumbai Super Division;0
66;Fútbol;141304;Yokary Liga;0
66;Fútbol;10363;Premier Division;0
66;Fútbol;15864;Regionalliga Mitte;0
66;Fútbol;10205;Senegal FA Cup;0
66;Fútbol;28394;Superliga Cup Reserves;0
66;Fútbol;28391;Copa de la Superliga de Reserva;0
66;Fútbol;27225;Argentina Superliga Cup;0
66;Fútbol;28314;U21 Championship, Group II;0
66;Fútbol;15895;2. Division øst;0
66;Fútbol;10037;Uganda Cup;0
66;Fútbol;121635;Nicaragua Primera Division Promotion/Relegation;0
66;Fútbol;16085;DOXXbet liga;0
66;Fútbol;16090;CAF Women Olympic Qualification;0
66;Fútbol;16113;Esiliiga;0
66;Fútbol;10741;Oberliga ;0
66;Fútbol;16144;South American U20 Women Championship;0
66;Fútbol;16149;A Lyga;0
66;Fútbol;16157;V-League;0
66;Fútbol;16160;Australia Gold Coast Premier League ;0
66;Fútbol;10308;1 Lig;0
66;Fútbol;10670;First Division;0
66;Fútbol;36744;Haití Division 1;0
66;Fútbol;10270;National League South;0
66;Fútbol;10269;Conference Premier;0
66;Fútbol;16156;USL Pro;0
66;Fútbol;4795;Bundesliga II;0
66;Fútbol;16181;Australia National Premier Leagues Victoria S20;0
66;Fútbol;16205;Australia BrisbaneCapital League 1;0
66;Fútbol;4513;Clubs Friendlies;0
66;Fútbol;11020;Algerian Ligue Professionnelle 1;0
66;Fútbol;16206;Brisbane Premier Reserve League;0
66;Fútbol;16209;Australia Gold Coast League 1 Reserves;0
66;Fútbol;10267;Cup, Women;0
66;Fútbol;16214;Australia Gold Coast Premier League Reserves;0
66;Fútbol;10593;Thailand Premier League;0
66;Fútbol;10592;Japan League Cup;0
66;Fútbol;10591;Liga Leumit;0
66;Fútbol;36551;Primera Division, Clausura;0
66;Fútbol;16238;Brisbane Premier League Women;0
66;Fútbol;36425;Brasiliense;0
66;Fútbol;16554;Australia Brisbane Capital League Women;0
66;Fútbol;16642;UEFA Women´s Championship Qualification;0
66;Fútbol;16684;Liga III, Seria 3;0
66;Fútbol;16735;Liga III, Seria 2;0
66;Fútbol;36206;Buganda Regional League;0
66;Fútbol;4274;Copa del Rey;0
66;Fútbol;36191;FAZ Lusaka League Women;0
66;Fútbol;16746;Liga III, Seria 1;0
66;Fútbol;16747;Liga III, Seria 5;0
66;Fútbol;16643;UEFA Nations League ;0
66;Fútbol;16750;Liga III, Seria 4;0
66;Fútbol;263518;Premier League, Relegation group;0
66;Fútbol;36101;Belarusian Premier League Reserve;0
66;Fútbol;36091;Superettan;0
66;Fútbol;36090;Allsvenskan;0
66;Fútbol;16773;Bayernliga Nord;0
66;Fútbol;16806;Second Football League;0
66;Fútbol;28280;Australia Victoria Community Shield Women;0
66;Fútbol;36005;Russia Students League NSFL;0
66;Fútbol;3976;Primera A;0
66;Fútbol;17267;Poland Third League Group 2;0
66;Fútbol;17288;National;0
66;Fútbol;17289;Eerste Divisie;0
66;Fútbol;3394;Pro League;0
66;Fútbol;35877;Uganda Division 2;0
66;Fútbol;17307;Beamish Stout Senior Premier Division;0
66;Fútbol;17314;Cymru Championship, South;0
66;Fútbol;17323;Cymru Premier, Relegation Round;0
66;Fútbol;3347;Segunda B Group IV;0
66;Fútbol;3346;Segunda B Group III;0
66;Fútbol;3338;Segunda B Group II;0
66;Fútbol;3268;Liga Aguila;0
66;Fútbol;10134;Coppa Italia Lega Pro, Knockout stage;0
66;Fútbol;35512;Vysshaya Liga;0
66;Fútbol;17458;Argentina Torneo Regional Amateur;0
66;Fútbol;17468;Carioca, Serie A, Taca Rio;0
66;Fútbol;35660;Myanmar National League S21;0
66;Fútbol;35659;Gambia Second Division;0
66;Fútbol;35638;Uganda FUFA Super League Femenino;0
66;Fútbol;35633;Uganda FUFA Super League Women;0
66;Fútbol;17499;Philippines UAAP Championship Women;0
66;Fútbol;35462;Cameroon Football League Women;0
66;Fútbol;256582;Estonian Meistriliiga Women;0
66;Fútbol;256785;Montenegro Third League;0
66;Fútbol;17610;SUPA IGA National Premier Leagues NSW Men´s 2;0
66;Fútbol;3067;Segunda B Grupo 1;0
66;Fútbol;17627;Australia Tasmania Southern Championship;0
66;Fútbol;35430;Liga Nacional de Bután;0
66;Fútbol;35424;Pepsi Super League (TEST);0
66;Fútbol;17695;Queensland National Premier League U20;0
66;Fútbol;257213;Premier League, Championship group;0
66;Fútbol;3016;EFL Cup;0
66;Fútbol;3009;Premiership;0
66;Fútbol;17889;Australia Gold Coast Metro League 1;0
66;Fútbol;35356;Costa Rica Liga de Ascenso;0
66;Fútbol;2867;Coupe de France;0
66;Fútbol;18137;Malaysian FAM League;0
66;Fútbol;18159;Czech MSFL;0
66;Fútbol;18223;CFL;0
66;Fútbol;18229;Czech Republic CFL Group B;0
66;Fútbol;18345;Supra First Division FNL;0
66;Fútbol;260682;Montenegro - 1. ZFL;0
66;Fútbol;18366;U23 Championship, Championship Round;0
66;Fútbol;18372;U23 Championship, Relegation Round;0
66;Fútbol;35359;Fiyi Liga Nacional de Fútbol;0
66;Fútbol;18425;Ireland League Cup;0
66;Fútbol;35332;Australia National Premier League NSW 2 U20;0
66;Fútbol;2760;ABSA Premier League;0
66;Fútbol;18632;SheBelieves Cup;0
66;Fútbol;2756;Jupiler Pro League;0
66;Fútbol;35296;FFA Cup, Preliminary Round, State NSW;0
66;Fútbol;18700;Cyprus Women´s Cup;0
66;Fútbol;34689;Friendlies;0
66;Fútbol;203741;1. deild;0
66;Fútbol;19335;Australia NPL South Women Reserves;0
66;Fútbol;19372;Australia New South Wales Premier League Women;0
66;Fútbol;19511;Brisbane Premier League;0
66;Fútbol;19513;2. Division Vest;0
66;Fútbol;34789;Gambia GFA League;0
66;Fútbol;20121;Poland Third League Group 1;0
66;Fútbol;205424;Korea Republic K3 League;0
66;Fútbol;20379;Poland Third League Group 3;0
66;Fútbol;2609;AFC Champions League;0
66;Fútbol;20561;CAF Confederations Cup, Knockout stage;0
66;Fútbol;20565;Mineiro, Modulo II;0
66;Fútbol;20126;Segunda B Group I;0
66;Fútbol;20593;Mineiro, Modulo I;0
66;Fútbol;20599;France Ligue National 3 Group H;0
66;Fútbol;20600;Finland Kakkosen Cup;0
66;Fútbol;20603;France Ligue National 3 Group D;0
66;Fútbol;10576;Liga de Ascenso México;0
66;Fútbol;10577;Peru Primera Division;0
66;Fútbol;21161;Paranaense, 1 Divisao;0
66;Fútbol;21168;Paraibano;0
66;Fútbol;21469;NPL, Victoria;0
66;Fútbol;21541;Ukraine Cup;0
66;Fútbol;21162;Alagoano;0
66;Fútbol;20703;Belarusian Cup;0
66;Fútbol;21185;USL, Championship;0
66;Fútbol;10581;Arabian Gulf League;0
66;Fútbol;21856;Estonia Cup;0
66;Fútbol;21865;Serbian Cup;0
66;Fútbol;10575;FNL Cup;0
66;Fútbol;10574;Copa Nordeste;0
66;Fútbol;22285;2. Division Yug;0
66;Fútbol;22079;Brazil Campeonato Amapaense;0
66;Fútbol;21768;Hong Kong Premier League;0
66;Fútbol;130705;Vysshaya League, Women;0
66;Fútbol;8941;Costa Rica Primera Division;0
66;Fútbol;8927;Bolivien Primera Division;0
66;Fútbol;8915;Paulista ;0
66;Fútbol;8929;Copa MX;0
66;Fútbol;8942;Liga Nacional Guatemala;0
66;Fútbol;8923;Superliga;0
66;Fútbol;2339;FA Cup;0
66;Fútbol;2338;Copa Libertadores;0
66;Fútbol;8955;Kosovo FA Cup;0
66;Fútbol;8954;Kenyan Premier League;0
66;Fútbol;8953;Elite ONE;0
66;Fútbol;8952;Kuwaiti Premier League;0
66;Fútbol;8951;Bahraini Premier League;0
66;Fútbol;8950;HNL 1 ;0
66;Fútbol;8949;Lengjubikarinn;0
66;Fútbol;8948;Bangladesh Premier League;0
66;Fútbol;8947;1. Division;0
66;Fútbol;8946;Indian Super League;0
66;Fútbol;8945;I-League;0
66;Fútbol;8944;Victorian Premier League;0
66;Fútbol;8943;GNF 1;0
66;Fútbol;8940;Liga 1;0
66;Fútbol;8939;1. Liga;0
66;Fútbol;8938;Airtricity Premier League;0
66;Fútbol;8937;IRN-BRU League Cup;0
66;Fútbol;8936;Danske Bank Premiership;0
66;Fútbol;8935;Magyar Kupa;0
66;Fútbol;8934;NB I;0
66;Fútbol;8933;Super League;0
66;Fútbol;8932;Welsh Premier League;0
66;Fútbol;8931;Cyprus Cup;0
66;Fútbol;8930;Albania Cup;0
66;Fútbol;8926;Raiffeisen Super League;0
66;Fútbol;8925;Ramsdens Challenge Cup;0
66;Fútbol;8922;1ª Division B;0
66;Fútbol;8921;tipp3-Bundesliga powered by T-Mobile;0
66;Fútbol;8920;Brazil SuperCup;0
66;Fútbol;8919;Campeonato Potiguar;0
66;Fútbol;8918;Campeonato Paulista de Futebol Profissional Tercera Divisao A3;0
66;Fútbol;8917;Brazil Campeonato Capixaba;0
66;Fútbol;8914;Campeonato Mineiro;0
66;Fútbol;8894;Copa América;0
66;Fútbol;8912;Pernambucano;0
66;Fútbol;8911;Campeonato Carioca;0
66;Fútbol;8913;Goianao Championship;0
66;Fútbol;8910;Copa do Brasil;0
66;Fútbol;8909;Primera Division;0
66;Fútbol;8908;Turkey Cup;0
66;Fútbol;8907;KNVB Beker;0
66;Fútbol;8906;Taça de Portugal;0
66;Fútbol;8905;Berliner Pilsner-Pokal;0
66;Fútbol;8904;Regionalliga Nord;0
66;Fútbol;8903;3. Liga ;0
66;Fútbol;8902;DFB Pokal;0
66;Fútbol;8901;English FA Women's Super League;0
66;Fútbol;8899;Football - Antepost Betting;0
66;Fútbol;8898;AFC Cup Qualification;0
66;Fútbol;8897;AFC Cup;0
66;Fútbol;8896;Copa Total Sudamericana;0
66;Fútbol;8895;Antepost Betting;0
66;Fútbol;8893;Real Madrid Specials - Football;0
66;Fútbol;8892;Spain - Antepost Betting;0
66;Fútbol;8891;Copa de la Reina;0
66;Fútbol;2170;Greece Cup;0
66;Fútbol;2165;Segunda B Grupo 4;0
66;Fútbol;2164;Segunda B Grupo 3;0
66;Fútbol;8916;Brazil Campeonato Alagoano;0
66;Fútbol;10337;Primera División de Ascenso;0
66;Fútbol;2101;Segunda B Grupo 2;0
66;Fútbol;33960;Russia Winter Tournament MRO "North-West" U-21;0
66;Fútbol;33875;Hong Kong FA Cup;0
66;Fútbol;33766;Saint Kitts and Nevis Premier League;0
66;Fútbol;33736;Guatemala Reserves League;0
66;Fútbol;33716;Argentina Campeonato Femenino;0
66;Fútbol;33247;Liga de Ascenso, Clausura, Group 2;0
66;Fútbol;32805;Professional Football League;0
66;Fútbol;32803;Nigeria Premier League;0
66;Fútbol;32609;Serbia Super Liga Women;0
66;Fútbol;32559;Tunisian Cup;0
66;Fútbol;32436;Zambia FAZ Cup;0
66;Fútbol;32163;Kenya GOTV Shield Cup;0
66;Fútbol;89736;Taiwan Mulan Football League Women;0
66;Fútbol;30128;Primera B, Clausura;0
66;Fútbol;31562;Serbia Sprksa Liga;0
66;Fútbol;22939;Cup;0
66;Fútbol;30839;Women Chile Primera Division;0
66;Fútbol;10922;Liga Profesional de Primera División;0
66;Fútbol;30773;Haiti Division 1;0
66;Fútbol;30706;Cuba Premier League;0
66;Fútbol;30257;Cote d´Ivoire Cup;0
66;Fútbol;30212;Brazil Championship A2 Women;0
66;Fútbol;30180;Saudi Arabia Champions Cup;0
66;Fútbol;30052;Benin Ligue 1;0
66;Fútbol;29893;Chile Primera Division U20;0
66;Fútbol;29857;Indonesia Soccer Championship B;0
66;Fútbol;211128;Tippeligaen;0
66;Fútbol;29795;Hungarian NB I Women;0
66;Fútbol;119561;K-League Classic;0
66;Fútbol;23814;The Emir Cup;0
66;Fútbol;29748;Kyrgyzstan Top Liga;0
66;Fútbol;29611;Algeria Cup Women;0
66;Fútbol;28999;W-League, Playoffs;0
66;Fútbol;28943;Fiji Women League;0
66;Fútbol;13313;Super League, Women;0
66;Fútbol;13223;Costa Rica Ascenso League;0
66;Fútbol;13236;Paulista, Serie A1;0
66;Fútbol;13341;2. Bundesliga, Women;0
66;Fútbol;13298;W-League;0
66;Fútbol;13351;Azadegan League Group 1;0
66;Fútbol;13377;NB II;0
66;Fútbol;13383;French Division 1 Women;0
66;Fútbol;13387;Italy Serie D Girone F;0
66;Fútbol;13388;Italy Serie D Girone A;0
66;Fútbol;13392;Georgian Super Cup;0
66;Fútbol;13396;Campeonato Nacional de Seniores Série B;0
66;Fútbol;13250;National Premier Soccer League;0
66;Fútbol;13400;Serie C, Girone B;0
66;Fútbol;13241;Barbados Premier League;0
66;Fútbol;13240;Sapling Cup;0
66;Fútbol;13407;Qatar U23 League;0
66;Fútbol;13378;Greece Football League;0
66;Fútbol;13235;Brazil Sul-Matogrossense;0
66;Fútbol;13226;Mexico Segunda Division;0
66;Fútbol;13225;Mobile Mini Sun Cup;0
66;Fútbol;13420;Serie C, Girone C;0
66;Fútbol;13213;Primera Division B;0
66;Fútbol;13208;Primera C Metropolitana;0
66;Fútbol;13207;Campeonato Tocantinense;0
66;Fútbol;13204;National League, Challenge Group;0
66;Fútbol;13427;Primera Division Femenina ;0
66;Fútbol;13168;National 2;0
66;Fútbol;13140;Premier League, Main round;0
66;Fútbol;13110;Division 1, Women;0
66;Fútbol;13105;Football League;0
66;Fútbol;24253;Armenian Cup;0
66;Fútbol;28848;Mainland Premier League;0
66;Fútbol;13445;Women's U20 World Cup Qualification;0
67;Rugby Union;1558;Champions Cup;0
67;Rugby Union;1559;Pro D2;0
67;Rugby Union;4802;Pro12;0
67;Rugby Union;4379;Premiership Rugby;0
67;Rugby Union;20678;Varsity Cup;0
67;Rugby Union;79;RBS 6 Nations;0
67;Rugby Union;8979;Super 15;0
67;Rugby Union;4783;Top 14;0
68;Boxeo;248612;Boxing;0
68;Boxeo;1579;Combates;0
69;Golf;177313;The Match;0
69;Golf;2144;US Open;0
69;Golf;15753;Arnold Palmer Invitational;0
69;Golf;1582;Ryder Cup;0
69;Golf;160415;TaylorMade Driving Relief;0
69;Golf;198061;Scottsdale AZ Open;0
69;Golf;9012;The Genesis Invitational 2020 - Anticipadas;0
69;Golf;21737;The Players Championship;0
69;Golf;2139;The Open Championship;0
69;Golf;2151;PGA Championship;0
69;Golf;1581;Masters de Augusta;0
69;Golf;11559;WGC Mexico Championship 2020;0
69;Golf;11884;WGC Mexico Championship 2020 - Anticipadas;0
70;Fútbol Americano;51802;Apuestas Anticipadas - NCAAF;0
70;Fútbol Americano;12223;NFL - Antepost Betting;0
70;Fútbol Americano;163516;NFL;0
70;Fútbol Americano;70921;Apuestas Especiales NFL Draft 2020;0
73;eSports;21672;[DOTA] The Summit;0
73;eSports;181590;[DOTA] Cyber.bet Cup Southeast Asia;0
73;eSports;41740;[SC] Afreeca Starleague;0
73;eSports;45209;[RL] Rocket League Championship - Europe;0
73;eSports;211413;eSports Battle - Italian Serie A;0
73;eSports;37385;[FIFA] Liga Pro EFootball;0
73;eSports;37388;[DOTA] China DOTA2 Development League;0
73;eSports;6586;[CSGO] Blast Premier ;0
73;eSports;37394;[LoL] LJL;0
73;eSports;56349;[DOTA] Amadeus Cup;0
73;eSports;85102;[SC2] THE SHIFT;0
73;eSports;191459;[DOTA] OMG Cup;0
73;eSports;42471;[RL] The European Invitational;0
73;eSports;39171;[FIFA] FIFA Ultimate Quaran-Team;0
73;eSports;66493;[LOL] LCL;0
73;eSports;38977;[R6] Rainbow Six Pro League Europe;0
73;eSports;38980;[R6] Rainbow Six Pro League North America;0
73;eSports;191309;[DOTA] ESL One Birmingham Online Southeast Asia;0
73;eSports;119745;[CSGO] Elisa Invitational;0
73;eSports;35391;[LoL] LVP UKLC;0
73;eSports;95379;[KoG] King Pro League;0
73;eSports;51771;[FIFA] eSports Battle;0
73;eSports;191297;[DOTA] ESL One Birmingham Online Europe/CIS;0
73;eSports;72195;[FIFA] Pro Player Cup;0
73;eSports;182924;eSports Battle - CIS Cup;0
73;eSports;222435;[CSGO] Winners League;0
73;eSports;203057;[DOTA] Gamers Without Borders;0
73;eSports;51776;[NBA2K] Cyber NBA Tournament;0
73;eSports;105467;[CSGO] CLUTCH;0
73;eSports;74284;[RL] Rocket League Spring Series SA;0
73;eSports;71834;[CSGO] DreamHack Masters Spring;0
73;eSports;182533;eSports Battle - Night Europa League;0
73;eSports;37402;[SC2] AfreecaTV GSL Super Tournament;0
73;eSports;61830;[CSGO] ESL Premiership;0
73;eSports;182530;eSports Battle - Champions League B;0
73;eSports;35301;[DOTA] GG.BET Championship;0
73;eSports;187492;[SC2] WardiTV Balance Test Mod Invitational;0
73;eSports;222248;[CSGO] Merkur Masters;0
73;eSports;5610;[COD] Call of Duty League;0
73;eSports;4382;[DOTA] DreamLeague;0
73;eSports;4945;[LoL] LEC;0
73;eSports;113556;[Tennis] Mutua Madrid Open Virtual Pro Men;0
73;eSports;103729;[DOTA] Loot.bet Home Camp;0
73;eSports;140192;[CSGO] ESL National Championship France;0
73;eSports;61584;[CSGO] ESL One: Road to Rio;0
73;eSports;42465;[LoL] Greek Legends League;0
73;eSports;35307;[CSGO] SECTOR: MB;0
73;eSports;12830;[OW] Overwatch League;0
73;eSports;41678;[R6] Rainbow Six Pro League Japan;0
73;eSports;42470;[RL] Rocket League Rival Series Europe;0
73;eSports;15137;[CSGO] ESL Australia & NZ Championship;0
73;eSports;52548;[DOTA] SECTOR: Mostbet;0
73;eSports;212282;eSports Battle - Night Champions League B;0
73;eSports;39577;[DOTA] Epic Challenger League;0
73;eSports;39481;[R6] Rainbow Six Pro League Latin America;0
73;eSports;39428;[DOTA] CDA Professional League;0
73;eSports;52531;[DOTA] ESL Premiership;0
73;eSports;15347;[CSGO] PGL Asia Minor Championship;0
73;eSports;56380;[DOTA] Epic Prime League;0
73;eSports;35384;[LoL] Ultraliga;0
73;eSports;165223;[SC2] IntoTheAlphaX Pro Circuit;0
73;eSports;37742;[FIFA] The FIFA London derby;0
73;eSports;51841;[DOTA] BTS Southeast Asia;0
73;eSports;208694;[CSGO] RTP Arena Cup;0
73;eSports;266176;[CSGO] ESL European Championship;0
73;eSports;208728;[DOTA] SEA Dota Invitational;0
73;eSports;222363;[LoL] Liga Portuguesa;0
73;eSports;45714;[CSGO] Loot.bet/cs;0
73;eSports;198974;[R6] Spain Nationals;0
73;eSports;87177;[CSGO] Svenska Elitserien;0
73;eSports;53087;[R6] Russian Major League;0
73;eSports;51803;[CSGO] Home Sweet Home Cup;0
73;eSports;58260;[FIFA] Stay and Play Cup;0
73;eSports;40668;[LoL] Division de Honor;0
73;eSports;178733;[OW] Contenders North America;0
73;eSports;18193;[LoL] Legends Pro League;0
73;eSports;182535;eSports Battle - English Premier League;0
73;eSports;192514;[DOTA] ESL One Birmingham Online North America;0
73;eSports;40650;[DOTA] Parimatch League;0
73;eSports;130708;[DOTA] Dota Pit League;0
73;eSports;51805;[SC2] Global StarCraft 2 League;0
73;eSports;182531;eSports Battle - Nations League;0
73;eSports;81474;[CSGO] Telia Esports Series;0
73;eSports;184156;eSports Battle - Champions League;0
73;eSports;81539;[FIFA] FIFA EPL Invitational;0
73;eSports;81552;[KoG] King Pro League Global Tour;0
73;eSports;59158;[LoL] Circuito Brasileiro de League of Legends;0
73;eSports;40599;[DOTA] Aorus League;0
73;eSports;184271;eSports Battle - Night English Premier League;0
73;eSports;35961;[LoL] Pacific Championship Series;0
73;eSports;51804;[DOTA] BTS Americas;0
73;eSports;178732;[SC2] Alpha Pro Series;0
73;eSports;111043;[DOTA] DPL-CDA Professional League;0
73;eSports;178731;[CSGO] Mythic Cup;0
73;eSports;40551;[DOTA] Maxline League;0
73;eSports;210722;eSports Battle - Europa League;0
73;eSports;40550;[DOTA] Epic Origins League;0
73;eSports;81904;[SC2] Gold Series Team Championship;0
73;eSports;184274;eSports Battle - Night Euro 2020;0
73;eSports;104319;[RL] Spring Series;0
73;eSports;4946;[LOL] LVP SuperLiga;0
73;eSports;43037;[LoL] LCL Open Cup;0
73;eSports;43057;[LoL] PG Nationals;0
73;eSports;222436;[SC] CasterMuse StarLeague;0
73;eSports;12004;[CSGO] Assembly;0
73;eSports;13909;[CSGO] LPL PRO;0
73;eSports;40333;[DOTA] China DOTA2 Professional League;0
73;eSports;113723;[Tennis] Mutua Madrid Open Virtual Pro Women;0
73;eSports;9016;[LoL] Legends Champions Korea;0
73;eSports;9020;[DOTA] ESL One Los Angeles;0
73;eSports;90442;[PES] Russia Premier League Pro Series;0
73;eSports;182532;eSports Battle - Night Champions League;0
73;eSports;182534;eSports Battle - Night International Friendlies;0
73;eSports;120154;[DOTA]Realms Collide;0
73;eSports;223157;[CSGO] CBCS;0
73;eSports;37192;[DOTA] Rivalry No Major No Problem;0
73;eSports;38076;[CSGO] ESEA Advanced Europe;0
73;eSports;38079;[LoL] Hitpoint Masters;0
73;eSports;82437;[CSGO] ESL Benelux Championship;0
73;eSports;38080;[LoL] Nordic Championship;0
73;eSports;130010;[FIFA] eSoccer Live Arena;0
73;eSports;241960;[LoL] Mid-Season Cup;0
73;eSports;52658;[LoL] Brazilian Challenger Circuit;0
73;eSports;41739;[CSGO] ESEA Open Asia;0
73;eSports;252401;[DOTA] Vulkan Fight Series;0
73;eSports;36920;[DOTA] WeSave! Charity Play;0
73;eSports;10978;[LOL] NA Academy League;0
73;eSports;42458;[CSGO] MEGOGO Open;0
73;eSports;55511;[FIFA] Torneo FIFA MX;0
73;eSports;82678;[DOTA] Ilusion Spring;0
73;eSports;42461;[LoL] Baltic Masters;0
73;eSports;42476;[SC] CasterMuse Narak StarLeague;0
73;eSports;44485;[LoL] Liga Latinoamerica;0
73;eSports;36704;[CSGO] eFire Master League;0
73;eSports;45540;[NBA2K] NBA 2K League;0
73;eSports;262785;[R6] PG Nationals Summer;0
73;eSports;197060;[DOTA] ESL One Birmingham Online China;0
73;eSports;12760;[CSGO] IEM Katowice;0
73;eSports;44468;[CSGO] HIPFIRED CUP;0
73;eSports;45777;[LoL] Oceanic Pro League Split 1 Promotion;0
73;eSports;45781;[LoL] Vietnam Championship Series;0
73;eSports;45782;[LOL]Turkish Champions League;0
73;eSports;9019;[CSGO] ESEA MDL Europe;0
73;eSports;12493;[CSGO] DreamHack Open Anaheim;0
73;eSports;9018;[CSGO] ESEA MDL North America;0
73;eSports;45519;[DOTA] GGBET StayHome Challenge;0
73;eSports;114115;[CSGO] ESL Mistrzostwa Polski;0
73;eSports;205194;eSports Battle - Euro 2020;0
73;eSports;34897;[LoL] Premier Tour;0
73;eSports;147945;[DOTA] Asia Spring Invitational;0
73;eSports;74353;[DOTA] EGB.com Arena of Blood;0
73;eSports;34900;[LoL] LFL;0
73;eSports;191482;[R6] Six Masters;0
73;eSports;34904;[LoL] Dutch League;0
73;eSports;36309;[LoL] Belgian League;0
73;eSports;36304;[CSGO] ESL Meisterschaft;0
73;eSports;34909;[CSGO] Flashpoint;0
73;eSports;15762;[CSGO] CIS Minor Championship 2018 - Cracovia;0
73;eSports;13431;[DOTA] Hainan Master Invitational;0
73;eSports;41802;[R6] Rainbow Six Pro League South East Asia;0
73;eSports;36235;[DOTA] SIGUL Pro League;0
73;eSports;15760;[DOTA] StarLadder ImbaTV Minor;0
73;eSports;36232;[DOTA] Hot Price League;0
73;eSports;5657;[LoL] LCS;0
73;eSports;140589;[CSGO] BLAST RISING;0
73;eSports;114039;[DOTA] Hephaestus Cup;0
73;eSports;78726;[LOL] European Masters;0
73;eSports;33872;[CSGO] ESL ESEA Pro League;0
73;eSports;74384;[DOTA] WePlay! Pushka League;0
73;eSports;45241;[CSGO] ESEA Advanced North America;0
73;eSports;70344;[DOTA] Red Bull Gaming World;0
73;eSports;70343;[DOTA] ESL SEA Championship;0
73;eSports;9017;[LoL] Challengers Korea ;0
73;eSports;42277;[CSGO] ESEA MDL Australia;0
73;eSports;45779;[CSGO] ESL Masters Spain;0
73;eSports;158211;[DOTA] Cyber.bet Cup Europe;0
73;eSports;112276;[DOTA] Beat Invitational;0
78;Artes Marciales (UFC/MMA);254023;Oktagon MMA;0
78;Artes Marciales (UFC/MMA);36876;Cage Warriors;0
78;Artes Marciales (UFC/MMA);9011;Combat Americas;0
78;Artes Marciales (UFC/MMA);248298;Gorilla Fighting Championship;0
78;Artes Marciales (UFC/MMA);9061;Bellator;0
78;Artes Marciales (UFC/MMA);9062;UFC;0
166;Ciclismo;19299;Paris-Nice;0
166;Ciclismo;19300;Apuestas Anticipadas;0
248;Rugby;10794;Pro D2;0
248;Rugby;36751;NRL;0
248;Rugby;13125;Six Nations;0
248;Rugby;14705;World Rugby Sevens World Series;0
248;Rugby;13126;France - Top 14;0
248;Rugby;12824;English Premiership;0
248;Rugby;11028;Super Rugby;0
248;Rugby;8980;Apuestas Anticipadas;0
249;Béisbol;42797;Chinese Professional Second Teams Baseball;0
249;Béisbol;39732;Chinese Professional Baseball Warm-up;0
249;Béisbol;52484;CPBL;0
249;Béisbol;11888;Apuestas Especiales - MLB 2020 - Equipos;0
249;Béisbol;45649;Nicaragua CNBS;0
249;Béisbol;79156;KBO PRESEASON;0
249;Béisbol;12083;Apuestas Especiales - MLB 2020 - Jugadores;0
249;Béisbol;45206;Campeonato GPO;0
249;Béisbol;10181;Apuestas Especiales - MLB 2020;0
249;Béisbol;9013;MLB - Antepost Betting;0
249;Béisbol;119569;KBO;0
249;Béisbol;12759;MLB Pre-Season;0
249;Béisbol;264333;Japan Professional Baseball Preseason;0
250;Voley Playa;27239;FIVB Langkawi 2020, Women, Qualification;0
250;Voley Playa;21467;FIVB Doha Open 2020, Qualification;0
250;Voley Playa;15860;FIVB Guam Beach Cup 2020, Women, Qualification;0
250;Voley Playa;28540;CSVP;0
250;Voley Playa;10130;Circuito Banco do Brasil Volei de Praia, Women;0
250;Voley Playa;9014;Circuito Banco do Brasil Volei de Praia;0
250;Voley Playa;28042;FIVB Langkawi 2020;0
250;Voley Playa;28597;CSVP, Women;0
250;Voley Playa;26922;FIVB Langkawi 2020, Qualification;0
250;Voley Playa;22361;FIVB Doha Open 2020;0
250;Voley Playa;28051;FIVB Langkawi 2020, Women;0
250;Voley Playa;16146;FIVB Guam Beach Cup 2020, Women;0
250;Voley Playa;12279;FIVB Phnom Penh 2020, Qualification;0
250;Voley Playa;10529;Asian Championships, Women;0
250;Voley Playa;10532;Asian Championship;0
250;Voley Playa;12533;FIVB Phnom Penh 2020;0
251;Dardos;52486;Czech Darts Premier League;0
251;Dardos;9015;Premier League;0
251;Dardos;15038;UK Open;0
251;Dardos;217520;Australian Darts ISO Challenge;0
251;Dardos;176355;Champions Series;0
251;Dardos;73916;Remote Darts League;0
251;Dardos;14180;European Tour;0
251;Dardos;45694;Target Electronic Dartboard;0
251;Dardos;210217;German Darts Sueper League;0
251;Dardos;60735;PDC Home Tour;0
251;Dardos;52488;Modus A Night at the Darts;0
251;Dardos;52487;Exhibition;0
251;Dardos;219495;Australian ISO Challenge;0
251;Dardos;265322;Modus Icons of Darts Live League;0
251;Dardos;87137;Czech Tipsport Premier League 2020;0
252;Fútbol Sala;45645;Belarus Mogilev Championship;0
252;Fútbol Sala;12567;Super League;0
252;Fútbol Sala;45528;Belarus Regional League;0
252;Fútbol Sala;41775;Russia Irkutsk Championship Superliga;0
252;Fútbol Sala;15516;Copa de España;0
252;Fútbol Sala;45631;Belarus Championship ALF;0
252;Fútbol Sala;249933;Maxline Futsal Premier League;0
252;Fútbol Sala;12225;Serie A;0
252;Fútbol Sala;18025;Portuguese Futsal First Division;0
252;Fútbol Sala;11566;LNFS;0
252;Fútbol Sala;9021;Copa del Rey;0
253;Balonmano;16134;2nd Division;0
253;Balonmano;12153;Olis deildin;0
253;Balonmano;12163;1a Divisao;0
253;Balonmano;13196;Premijer liga;0
253;Balonmano;12809;Coupe de France, Women;0
253;Balonmano;14182;1. Division, Women;0
253;Balonmano;20634;Superlig;0
253;Balonmano;20725;Champions League Women, Main Round Gr. 1;0
253;Balonmano;15888;Vyschaya Liga;0
253;Balonmano;10681;DHF;0
253;Balonmano;16080;Arab Handball Championship for Cup Winners;0
253;Balonmano;13071;Women's Norwegian 1st Division;0
253;Balonmano;13888;SM-liiga, Women;0
253;Balonmano;11567;Coupe de France Féminine;0
253;Balonmano;13153;Extraliga;0
253;Balonmano;10276;Elitserien Women;0
253;Balonmano;41516;Belarus Championship B;0
253;Balonmano;13163;I Liga Group A;0
253;Balonmano;37448;Belarus Superliga;0
253;Balonmano;14547;Super League Reserve;0
253;Balonmano;15807;Cup, Women;0
253;Balonmano;10266;Damehandboldligaen;0
253;Balonmano;28285;Premier League;0
253;Balonmano;13169;HLA 2, Relegation Round;0
253;Balonmano;11889;Herrallsvenskan;0
253;Balonmano;16700;Coupe de France;0
253;Balonmano;14800;KHF National League;0
253;Balonmano;11478;League Men;0
253;Balonmano;13924;OHB-Cup;0
253;Balonmano;10120;Super League, Women;0
253;Balonmano;13132;Olis deildin, Women;0
253;Balonmano;13814;National Championship;0
253;Balonmano;13415;EHF Cup, Group C ;0
253;Balonmano;15745;Copa del Rey;0
253;Balonmano;11477;Qatar League;0
253;Balonmano;11474;EHF Champions League Women;0
253;Balonmano;16107;Meistriliiga;0
253;Balonmano;16812;Championnat National Excellence, Women;0
253;Balonmano;13439;National League;0
253;Balonmano;13441;I Liga Group C;0
253;Balonmano;40760;Superliga, Division 2;0
253;Balonmano;13430;Champions League Women, Main Round Gr. 2;0
253;Balonmano;27687;International Friendlies;0
253;Balonmano;16998;MOL Liga;0
253;Balonmano;10138;NLA;0
253;Balonmano;17198;HLA Main Round;0
253;Balonmano;13800;National Championship, Women;0
253;Balonmano;14410;National 1;0
253;Balonmano;13747;1.Lig;0
253;Balonmano;14698;Challenge Cup, Women;0
253;Balonmano;17333;Femebal Liga de Honor, Women;0
253;Balonmano;10833;Bundesliga 2;0
253;Balonmano;17406;2a Divisao;0
253;Balonmano;14956;EHF Cup, Women;0
253;Balonmano;14957;2nd Bundesliga;0
253;Balonmano;14965;1. HRL Women;0
253;Balonmano;10778;HLA;0
253;Balonmano;26396;Allsvenskan;0
253;Balonmano;13719;EHF Cup Women;0
253;Balonmano;15009;EHF Cup, Group D ;0
253;Balonmano;12706;Superdivision;0
253;Balonmano;188070;Belarus Women´s League;0
253;Balonmano;10159;Liga Nationala;0
253;Balonmano;14385;NB I;0
253;Balonmano;10160;Superleague;0
253;Balonmano;10795;LNH Starligue;0
253;Balonmano;10242;Superliga;0
253;Balonmano;31557;Russian Men´s Cup;0
253;Balonmano;12739;Dukat Premijer Liga;0
253;Balonmano;35403;Turkish Cup Women;0
253;Balonmano;14345;Division 1 ;0
253;Balonmano;10314;1 Division, Södra;0
253;Balonmano;12756;Super Liga, Women;0
253;Balonmano;12082;A1;0
253;Balonmano;13321;Super League ;0
253;Balonmano;10341;SEHA League, Playoffs;0
253;Balonmano;12747;Club Friendly Games;0
253;Balonmano;12089;1. liga;0
253;Balonmano;13414;Champions League, Group A;0
253;Balonmano;24220;Superlig, Women;0
253;Balonmano;23077;Puchar Polski, Women;0
253;Balonmano;18388;EHF Women´s Challenge Cup;0
253;Balonmano;13423;HLA Relegation Round;0
253;Balonmano;12781;Superliga, Women;0
253;Balonmano;13618;Antepost Betting;0
253;Balonmano;13185;HLA 2, Championship round;0
253;Balonmano;13936;1. Division;0
253;Balonmano;13937;I Liga Group A, Women;0
253;Balonmano;13943;LNH Division 1, Women;0
253;Balonmano;13951;2 Division, Södra;0
253;Balonmano;12782;SM-liiga, Qualifying Round;0
253;Balonmano;10305;Eliteserien;0
253;Balonmano;13956;Division De Honor Femenina;0
253;Balonmano;10335;Women Bundesliga;0
253;Balonmano;12094;NB I, Women;0
253;Balonmano;12095;Lietuvos Rankinio Lyga;0
253;Balonmano;12097;Eliteserien, Women;0
253;Balonmano;9033;LNH Division 1;0
253;Balonmano;9026;Liga Asobal;0
253;Balonmano;9030;Handboldligaen;0
253;Balonmano;12783;Liga Nationala, Women;0
253;Balonmano;9040;Elitserien;0
253;Balonmano;12107;Extraliga, Group A;0
253;Balonmano;9022;EHF Champions League;0
253;Balonmano;9027;Bundesliga;0
253;Balonmano;12790;Allsvenskan, Women;0
253;Balonmano;12108;Esiliiga;0
253;Balonmano;12116;1 Division, Women;0
253;Balonmano;9041;Women´s  Elitserien;0
253;Balonmano;13186;Asobal;0
253;Balonmano;9039;Andebol 1;0
253;Balonmano;9038;Super Liga;0
253;Balonmano;12821;LNH Division 2 ;0
253;Balonmano;12126;Cup;0
253;Balonmano;9037;Women's Postenligaen;0
253;Balonmano;9036;Norwegian 1st Division;0
253;Balonmano;9035;Postenligaen;0
253;Balonmano;9034;First Division Women;0
253;Balonmano;9032;Käsipallon SM-Sarja;0
253;Balonmano;12376;Premier League, Women;0
253;Balonmano;9031;Womans´s Liga;0
253;Balonmano;9029;ZUBR Extraliga;0
253;Balonmano;9028;Woman´s Bundesliga;0
253;Balonmano;9025;Apuestas Anticipadas;0
253;Balonmano;12815;Handbollsligan;0
253;Balonmano;9024;South Stream League;0
253;Balonmano;12791;NB I, Division B;0
253;Balonmano;9023;EHF European Cup;0
253;Balonmano;12792;Extraliga, Grupo B;0
254;Hockey sobre hielo;9044;SHL;0
254;Hockey sobre hielo;27890;Hockey Allsvenskan, Final round;0
254;Hockey sobre hielo;10277;Hockey Allsvenskan;0
254;Hockey sobre hielo;21837;2.Liga, Playoffs;0
254;Hockey sobre hielo;12797;DEL;0
254;Hockey sobre hielo;38068;EHL, First Division;0
254;Hockey sobre hielo;13199;Elite League;0
254;Hockey sobre hielo;134438;Club Friendlies;0
254;Hockey sobre hielo;9053;Ishockeyligaen;0
254;Hockey sobre hielo;9052;Eishockey Liga;0
254;Hockey sobre hielo;9051;1.Liga;0
254;Hockey sobre hielo;9050;Extraliga;0
254;Hockey sobre hielo;12450;Alps Hockey League, Master Round;0
254;Hockey sobre hielo;13561;Erste Liga, Playoffs;0
254;Hockey sobre hielo;10219;1.Liga, Promotion Round;0
254;Hockey sobre hielo;15556;VHL-B, Playoffs;0
254;Hockey sobre hielo;39721;Liga Pro;0
254;Hockey sobre hielo;14482;College;0
254;Hockey sobre hielo;10258;AHL;0
254;Hockey sobre hielo;9049;NLA;0
254;Hockey sobre hielo;12117;1st division;0
254;Hockey sobre hielo;9048;DHL;0
254;Hockey sobre hielo;9047;Mestis;0
254;Hockey sobre hielo;13938;Ekstraliga, Playoffs;0
254;Hockey sobre hielo;9045;Allsvenskan;0
254;Hockey sobre hielo;26356;HockeyEttan Ostra, Rel. / Prom. Round;0
254;Hockey sobre hielo;71014;Comet Division;0
254;Hockey sobre hielo;71026;Comet Division (Short Hockey);0
254;Hockey sobre hielo;25894;Professional Hockey League, Playoffs;0
254;Hockey sobre hielo;21818;1st Liga Playoffs;0
254;Hockey sobre hielo;87395;Belarus Amateur Hockey League;0
254;Hockey sobre hielo;15593;Metal Ligaen;0
254;Hockey sobre hielo;12651;VHL-B;0
254;Hockey sobre hielo;39985;United Night Hockey League, Amateur;0
254;Hockey sobre hielo;22665;Vysshaya League, Playoffs;0
254;Hockey sobre hielo;15606;Ligue Magnus Playoffs;0
254;Hockey sobre hielo;13124;Alps Hockey League, Qualification Round, Group A;0
254;Hockey sobre hielo;12096;Latvian Hockey League ;0
254;Hockey sobre hielo;34743;MHL Playoffs;0
254;Hockey sobre hielo;10121;Vysshaya League;0
254;Hockey sobre hielo;40334;Liga Pro (3x10);0
254;Hockey sobre hielo;16709;U20 Nuorten SM-Liiga ;0
254;Hockey sobre hielo;11866;Women Championship;0
254;Hockey sobre hielo;10834;DHL 2;0
254;Hockey sobre hielo;27845;KHL Playoffs;0
254;Hockey sobre hielo;14292;Vysshaya Liga, Playoffs;0
254;Hockey sobre hielo;34042;Minor Hockey League;0
254;Hockey sobre hielo;10209;MHL;0
254;Hockey sobre hielo;16121;Eliteserien;0
254;Hockey sobre hielo;15023;Swiss League, Playout;0
254;Hockey sobre hielo;13408;Extraliga, Qualifying Round;0
254;Hockey sobre hielo;13403;Extraliga, Championship Round;0
254;Hockey sobre hielo;9043;Vysshaya Liga;0
254;Hockey sobre hielo;9042;KHL;0
254;Hockey sobre hielo;16102;1st Liga, Playoffs;0
254;Hockey sobre hielo;15794;EHL Playoffs;0
254;Hockey sobre hielo;16098;Extraliga, Group 3;0
254;Hockey sobre hielo;14497;ECHL;0
254;Hockey sobre hielo;124037;Cyber World Cup;0
254;Hockey sobre hielo;13449;World Championships, Div II, Women, Group B;0
254;Hockey sobre hielo;12800;National League A;0
254;Hockey sobre hielo;15230;Alps Hockey League, Qualification Round, Group B;0
254;Hockey sobre hielo;14172;Extraliga, Playoffs;0
254;Hockey sobre hielo;10835;National League B;0
254;Hockey sobre hielo;10253;Erste Liga, Relegation Round;0
254;Hockey sobre hielo;10228;Erste Liga, Championship Round;0
254;Hockey sobre hielo;15184;VHL Playoffs;0
254;Hockey sobre hielo;10304;EHL, Final round;0
254;Hockey sobre hielo;10222;1.Liga, Relegation Round;0
254;Hockey sobre hielo;26441;FFHG Division 1, Playoffs;0
254;Hockey sobre hielo;12794;EHL, Qualification round;0
254;Hockey sobre hielo;12114;HockeyEttan Ostra var;0
254;Hockey sobre hielo;10220;Professional Hockey League;0
254;Hockey sobre hielo;9057;Tipsport Extraliga;0
254;Hockey sobre hielo;9056;GET Ligaen;0
254;Hockey sobre hielo;9046;SM-Liiga;0
254;Hockey sobre hielo;17311;Ligue Magnus, Relegation Round;0
254;Hockey sobre hielo;41948;Russia Perm Night Hockey League;0
254;Hockey sobre hielo;9055;Ligue Magnus;0
254;Hockey sobre hielo;41937;United Night Hockey League, Master;0
254;Hockey sobre hielo;10223;Liiga;0
254;Hockey sobre hielo;13522;U20 Extraliga;0
254;Hockey sobre hielo;9054;Elite Ice Hockey League;0
254;Hockey sobre hielo;14988;2nd Bundesliga;0
255;Hockey sobre Hielo;9058;NHL - Antepost Betting;0
256;Loterías;9060;Sorteo del sábado;0
256;Loterías;9059;Sorteo del jueves;0
257;World Rally;9063;FIA World Rally Championship;0
258;Motor;14041;Motorbikes - Antepost Betting;0
258;Motor;9065;NASCAR;0
258;Motor;9064;Apuestas Anticipadas - Fórmula 1;0
258;Motor;16703;Moto3 World Championship;0
258;Motor;16776;Moto2 World Championship;0
259;Pelota;9066;Campeonato Parejas;0
259;Pelota;10186;Campeonato Parejas - Promoción;0
259;Pelota;12238;Festivales;0
259;Pelota;11183;Apuestas Anticipadas;0
260;Snooker;13463;Players Tour Championship;0
260;Snooker;261499;Championship League 2020;0
260;Snooker;36881;European Amateur Championship;0
260;Snooker;21372;Gibraltar Open;0
260;Snooker;11184;World Snooker Shootout;0
260;Snooker;14436;Championship League Snooker;0
260;Snooker;33794;Tour Championship;0
260;Snooker;9067;Welsh Open;0
261;Tenis de mesa;11982;Hungarian Open 2020, WD, Qualification;0
261;Tenis de mesa;11594;Hungarian Open 2020, MS, Qualification;0
261;Tenis de mesa;182257;Liga Pro China;0
261;Tenis de mesa;181866;Challenger Series 2020, Week 20, Session 1;0
261;Tenis de mesa;42370;Masters Tour TT;0
261;Tenis de mesa;45745;Russia TT Masters League;0
261;Tenis de mesa;15897;Qatar Open 2020, MD;0
261;Tenis de mesa;15879;Qatar Open 2020, WD;0
261;Tenis de mesa;10669;Challenge Plus Portugal Open 2020, XD, Quali;0
261;Tenis de mesa;16124;Qatar Open 2020, XD;0
261;Tenis de mesa;16054;Qatar Open 2020, WS;0
261;Tenis de mesa;16087;Qatar Open 2020, MS;0
261;Tenis de mesa;246355;Challenger Series 2020, Week 22, Session 2;0
261;Tenis de mesa;42239;Setka Cup;0
261;Tenis de mesa;42240;Setka Cup, Women;0
261;Tenis de mesa;77943;Exhibition Autumn League;0
261;Tenis de mesa;13748;Challenger Series 2020, Week 09, Session 2;0
261;Tenis de mesa;35919;Challenger Series 2020, Week 12, Session 2;0
261;Tenis de mesa;13492;ITTF Africa Top 16 Cup, WS;0
261;Tenis de mesa;249801;Ukraine Win Cup Women;0
261;Tenis de mesa;152388;Challenger Series 2020, Week 19, Session 2;0
261;Tenis de mesa;10732;Challenge Plus Portugal Open 2020, WS, Quali;0
261;Tenis de mesa;10344;Challenge Plus Portugal Open 2020, Boys;0
261;Tenis de mesa;31449;TT Cup;0
261;Tenis de mesa;31456;TT Cup, Women;0
261;Tenis de mesa;112369;Challenger Series 2020, Week 18, Session 1;0
261;Tenis de mesa;35416;Liga Pro, Women;0
261;Tenis de mesa;252559;Challenger Series 2020, Week 22, Session 3;0
261;Tenis de mesa;140219;Challenger Series 2020, Week 19, Session 1;0
261;Tenis de mesa;213431;Challenger Series 2020, Week 21, Session 1;0
261;Tenis de mesa;24125;Challenge Plus Oman Open 2020, MS, Qualification;0
261;Tenis de mesa;24202;ITTF Challenge, Polish Open 2020, Girls;0
261;Tenis de mesa;11675;Hungarian Open 2020, WS, Qualification;0
261;Tenis de mesa;202529;Challenger Series 2020, Week 20, Session 3;0
261;Tenis de mesa;9068;Challenger Series 2020, Week 07, Session 2;0
261;Tenis de mesa;262722;Challenger Series 2020, Week 23, Session 1;0
261;Tenis de mesa;12062;Hungarian Open 2020, XD, Qualification;0
261;Tenis de mesa;12007;Hungarian Open 2020, MD, Qualification;0
261;Tenis de mesa;45236;Master Tour TT Women;0
261;Tenis de mesa;52226;Russia TT Masters League Women;0
261;Tenis de mesa;51806;Ukraine Win Cup;0
261;Tenis de mesa;51807;Ukraine Win Cup, Women;0
261;Tenis de mesa;29180;Challenge Plus Oman Open 2020, MD;0
261;Tenis de mesa;29148;Challenge Plus Oman Open 2020, WD;0
261;Tenis de mesa;225596;Challenger Series 2020, Week 21, Session 3;0
261;Tenis de mesa;12294;Hungarian Open 2020, MD;0
261;Tenis de mesa;12280;Hungarian Open 2020, WD;0
261;Tenis de mesa;12241;Hungarian Open 2020, XD;0
261;Tenis de mesa;12343;Hungarian Open 2020, WS;0
261;Tenis de mesa;219473;Challenger Series 2020, Week 21, Session 2;0
261;Tenis de mesa;24706;ITTF Challenge, Polish Open 2020, MS, Quali;0
261;Tenis de mesa;13477;Challenger Series 2020, Week 09, Session 1;0
261;Tenis de mesa;24166;ITTF Challenge, Polish Open 2020, Boys;0
261;Tenis de mesa;12425;Hungarian Open 2020, MS;0
261;Tenis de mesa;24073;Challenger Series 2020, Week 11, Session 2;0
261;Tenis de mesa;24051;Challenge Plus Oman Open 2020, WS, Qualification;0
261;Tenis de mesa;65494;ITT Cup League, Women;0
261;Tenis de mesa;10097;Challenge Plus Portugal Open 2020, MS, Quali;0
261;Tenis de mesa;119975;Challenger Series 2020, Week 18, Session 2;0
261;Tenis de mesa;237230;Belarusian Table Tennis Championship;0
261;Tenis de mesa;26461;ITTF Challenge, Polish Open 2020, MD, Quali;0
261;Tenis de mesa;10714;Challenge Plus Portugal Open 2020, MD, Quali;0
261;Tenis de mesa;11293;Challenger Series 2020, Week 08, Session 1;0
261;Tenis de mesa;21459;Challenger Series 2020, Week 11, Session 1;0
261;Tenis de mesa;28384;Challenge Plus Oman Open 2020, Boys;0
261;Tenis de mesa;63828;ITT Cup League;0
261;Tenis de mesa;191423;Challenger Series 2020, Week 20, Session 2;0
261;Tenis de mesa;39209;Liga Pro;0
261;Tenis de mesa;39490;Russian Liga Pro;0
261;Tenis de mesa;28409;Challenge Plus Oman Open 2020, WS;0
261;Tenis de mesa;15073;Challenger Series 2020, Week 10, Session 1;0
261;Tenis de mesa;28207;Challenge Plus Oman Open 2020, MS;0
261;Tenis de mesa;15428;Qatar Open 2020, MS, Qualification;0
261;Tenis de mesa;39595;Russian Liga Pro Women;0
261;Tenis de mesa;39591;TTStar Series;0
261;Tenis de mesa;15419;Qatar Open 2020, WS, Qualification;0
261;Tenis de mesa;25671;ITTF Challenge, Polish Open 2020, WS, Quali;0
261;Tenis de mesa;15671;Campeonato Europeo Sub-21, Femenino;0
261;Tenis de mesa;15692;U21 European Championship;0
261;Tenis de mesa;220418;Challenger Series 2020, Week 22, Session 1;0
261;Tenis de mesa;40820;Ukraine Setka Cup;0
261;Tenis de mesa;40339;Ukraine TT Cup;0
261;Tenis de mesa;165186;Challenger Series 2020, Week 19, Session 3;0
261;Tenis de mesa;33973;Challenger Series 2020, Week 12, Session 1;0
261;Tenis de mesa;15759;U21 European Championship, Women;0
261;Tenis de mesa;15789;U21 European Championship, Mixed Doubles;0
261;Tenis de mesa;13502;ITTF Africa Top 16 Cup, MS;0
261;Tenis de mesa;27747;Challenge Plus Oman Open 2020, XD, Qualification;0
261;Tenis de mesa;10278;Challenge Plus Portugal Open 2020, Girls;0
261;Tenis de mesa;27748;Challenge Plus Oman Open 2020, XD;0
261;Tenis de mesa;124514;Challenger Series 2020, Week 18, Session 3;0
261;Tenis de mesa;28356;Challenge Plus Oman Open 2020, Girls;0
261;Tenis de mesa;15730;Qatar Open 2020, MD, Qualification;0
261;Tenis de mesa;15722;Qatar Open 2020, WD, Qualification;0
261;Tenis de mesa;15749;Qatar Open 2020, XD, Qualification;0
261;Tenis de mesa;15892;U21 European Championship, Doubles;0
261;Tenis de mesa;15900;U21 European Championship, Women Doubles;0
262;Voleibol;14981;1st League, Championship Round, Qualification;0
262;Voleibol;38401;Russia Yekaterinburg Leagues;0
262;Voleibol;14977;Baltic Volleyball League, Playoffs;0
262;Voleibol;35811;Pro League;0
262;Voleibol;14973;Winner State Cup, Women;0
262;Voleibol;9078;Women's A1;0
262;Voleibol;14969;Nacionala Liga 1;0
262;Voleibol;14968;Liga A, Women;0
262;Voleibol;12864;Eliteserien;0
262;Voleibol;10901;Champions League, Pool D;0
262;Voleibol;12142;Champions League, Pool C;0
262;Voleibol;176822;Belarus Volleyball Challenge Mixed;0
262;Voleibol;10668;V League, Women;0
262;Voleibol;10667;V League;0
262;Voleibol;13720;Thailand Volleyball League, Women;0
262;Voleibol;12652;Cup;0
262;Voleibol;10259;V-League Women;0
262;Voleibol;14226;A1 league, Women;0
262;Voleibol;11026;Vysshaya Liga A, Women;0
262;Voleibol;13429;2nd Division, Women;0
262;Voleibol;9079;PlusLiga;0
262;Voleibol;13416;Ligue A, Women;0
262;Voleibol;12698;Nationale 1A, Women;0
262;Voleibol;12796;SuperLega;0
262;Voleibol;12786;NB I, Women;0
262;Voleibol;10660;Serie A1 ;0
262;Voleibol;36060;Belarus National League A;0
262;Voleibol;10798;Champions League, Pool A;0
262;Voleibol;13145;A1 ;0
262;Voleibol;10429;Superliga;0
262;Voleibol;13893;Superliga, Championship Round;0
262;Voleibol;15320;UAAP, Women;0
262;Voleibol;64982;Taiwan University Volleyball League Women;0
262;Voleibol;13545;Div 1;0
262;Voleibol;16142;Liga Argentina A1, Knockout stage;0
262;Voleibol;10547;WNCAA;0
262;Voleibol;15784;Champions League Women, Playoffs;0
262;Voleibol;10195;NH Nonghyup's V-League;0
262;Voleibol;214526;Czech Republic Regional League;0
262;Voleibol;15772;Extraliga, Playoff ;0
262;Voleibol;36260;Youth League, Women;0
262;Voleibol;28542;Super Liga;0
262;Voleibol;13177;A2;0
262;Voleibol;12131;1. Bundesliga Playoffs;0
262;Voleibol;12748;Division Excellence;0
262;Voleibol;13170;Pre League, Women;0
262;Voleibol;85549;Tajikistan Cup Women;0
262;Voleibol;13135;Superliga, Women;0
262;Voleibol;11891;CEV Cup Women;0
262;Voleibol;27818;Div 1, Women, Relegation Round;0
262;Voleibol;12543;A1;0
262;Voleibol;14350;Superliga, Playoffs, Women;0
262;Voleibol;35473;Russia Liga Pro;0
262;Voleibol;14357;Vyscha Liga;0
262;Voleibol;14358;Vyscha Liga, Women;0
262;Voleibol;12132;Cup ;0
262;Voleibol;10796;2nd Division;0
262;Voleibol;10797;League Cup;0
262;Voleibol;89047;Russia Canaveral League;0
262;Voleibol;35514;Turkey First League ;0
262;Voleibol;12373;Superleague;0
262;Voleibol;53411;Tajikistan Champions Cup;0
262;Voleibol;13134;Coppa Italia Superlega;0
262;Voleibol;10349;Serie A1, Women;0
262;Voleibol;10194;Division A;0
262;Voleibol;38592;Russia Yekaterinburg Leagues Women;0
262;Voleibol;63536;Russia Ural League 2;0
262;Voleibol;35536;Thailand Volleyball League Women;0
262;Voleibol;14599;PSL SuperLiga Grand Prix, Women;0
262;Voleibol;15402;U19 Campeonato Brasileiros de Selecoes, Divisao Es;0
262;Voleibol;15404;U19 Campeonato Brasileiros de Selecoes, 1 Divisao;0
262;Voleibol;35537;Turkey First League Women;0
262;Voleibol;76994;Tajikistan Volleyball Championship Women;0
262;Voleibol;173014;Belarus Volleyball Challenge;0
262;Voleibol;11187;Extraliga;0
262;Voleibol;13019;Super Liga, Women;0
262;Voleibol;12520;Liga Argentina A1;0
262;Voleibol;11568;Women's Champions League;0
262;Voleibol;32802;Superliga, Playoffs;0
262;Voleibol;12708;Super Division;0
262;Voleibol;9073;Superliga ;0
262;Voleibol;9074;Mestaruusliiga;0
262;Voleibol;9075;Mestaruusliiga Women;0
262;Voleibol;223336;Belarus Volleyball Challenge Women;0
262;Voleibol;13442;Liga Nacional Intermedia de Voleibol, Women;0
262;Voleibol;9076;Bundesliga 1;0
262;Voleibol;9077;Women's DVL 1. Bundesliga;0
262;Voleibol;10182;1. Lig, Women;0
262;Voleibol;15016;Cup, Women ;0
262;Voleibol;38459;Russia Tver Pro League Women;0
262;Voleibol;12133;NLA, Women, Playoffs;0
262;Voleibol;67599;Russia Ural League 2 Women;0
262;Voleibol;14986;NB I;0
262;Voleibol;12680;Super League, Women;0
262;Voleibol;12332;Frauen Eliteserien;0
262;Voleibol;13777;Vysshaya Liga B, Women;0
262;Voleibol;15880;U21 National Championship;0
262;Voleibol;35879;Youth League;0
262;Voleibol;11605;CEV Challenge Cup Women;0
262;Voleibol;12174;Superliga B, Women;0
262;Voleibol;61151;Tajikistan Volleyball Championship;0
262;Voleibol;15885;U20 National Championship, Women;0
262;Voleibol;13421;Liga Siatkowki, Women;0
262;Voleibol;13334;2. Lig;0
262;Voleibol;12923;V League 2, Women;0
262;Voleibol;11381;Vyschaya Liga, Women;0
262;Voleibol;11383;First Division;0
262;Voleibol;13029;Serbian League;0
262;Voleibol;26352;First Division, Women;0
262;Voleibol;10298;1st Bundesliga Women;0
262;Voleibol;9080;VVS Ligi Women;0
262;Voleibol;16852;Persha Liga;0
262;Voleibol;15602;1. Division, Women;0
262;Voleibol;37894;Russia Saint Petersburg Leagues Women;0
262;Voleibol;9081;Div 1, Women;0
262;Voleibol;58810;Russia Liberty League Women;0
262;Voleibol;10662;Vysshaya Liga B;0
262;Voleibol;12316;Serie A1;0
262;Voleibol;15689;3. Lig, Women;0
262;Voleibol;14076;Volleyligaen Woman;0
262;Voleibol;13031;2. Lig, Women;0
262;Voleibol;12416;Superliga, Women, Championship Round;0
262;Voleibol;13461;Torneo Argentino;0
262;Voleibol;19301;Liga Mexicana de Voleibol Varonil;0
262;Voleibol;14194;VolleyLigaen, Women, Playoffs;0
262;Voleibol;26016;Div 1, Women, Championship Round;0
262;Voleibol;12415;Extraliga Women;0
262;Voleibol;45512;Russia Ural League Women;0
262;Voleibol;10126;Cup, Women;0
262;Voleibol;12866;Eliteserien Women;0
262;Voleibol;45430;MVL Mixed;0
262;Voleibol;20954;Serie A2 ;0
262;Voleibol;13614;Volleyligaen;0
262;Voleibol;29234;BSI Proliga;0
262;Voleibol;45359;Russia Ural League;0
262;Voleibol;10836;Pro A;0
262;Voleibol;12101;1st League, Women;0
262;Voleibol;13389;Coppa Italia A2;0
262;Voleibol;16196;BSI Proliga, Women;0
262;Voleibol;23424;Superleague, 2nd Phase, Group I;0
262;Voleibol;203704;North Western Amateur League;0
262;Voleibol;12776;NLA;0
262;Voleibol;10198;Super League;0
262;Voleibol;12773;Liga Siatkowki;0
262;Voleibol;30126;National A, Women;0
262;Voleibol;11803;Women´s NLA;0
262;Voleibol;10279;1st Bundesliga;0
262;Voleibol;13184;Liga A1, Main round;0
262;Voleibol;10854;Superleague Women;0
262;Voleibol;13197;Liga Nacional de Voleibol, Women;0
262;Voleibol;12772;Mestaruusliiga, Women;0
262;Voleibol;42509;Belarus Amateur League Mixed;0
262;Voleibol;10855;Efeler League;0
262;Voleibol;28541;National A;0
262;Voleibol;10779;Women´s Superliga;0
262;Voleibol;13144;WVL Playoffs;0
262;Voleibol;12770;Ethias League Volley;0
262;Voleibol;13520;Vysshaya Liga A;0
262;Voleibol;13871;First League, Women;0
262;Voleibol;13180;A2, Women;0
262;Voleibol;10522;NCAA;0
262;Voleibol;18763;Superliga, Relegation Round;0
262;Voleibol;13136;A1, Women;0
262;Voleibol;12090;Extraliga, Championship round;0
262;Voleibol;9069;Champions League;0
262;Voleibol;14532;Thailand Volleyball League;0
262;Voleibol;22945;Winner State Cup;0
262;Voleibol;15801;Champions League, Playoffs;0
262;Voleibol;13946;Challenge Cup;0
262;Voleibol;9070;CEV Challenge Cup;0
262;Voleibol;9071;CEV Cup;0
262;Voleibol;12467;CEV Cup, Women;0
262;Voleibol;44404;St. Petersburg Volleyball Championships, Women;0
262;Voleibol;15799;Eredivisie, Women, Champion Pool;0
262;Voleibol;15798;Challenge Cup, Women;0
262;Voleibol;12469;Ligue A;0
262;Voleibol;15795;Eredivisie, Champion Pool;0
262;Voleibol;10503;Women's Liga;0
262;Voleibol;15273;UAAP;0
262;Voleibol;37632;Russia Saint Petersburg Leagues;0
262;Voleibol;12766;Egyptian Volleyball League;0
262;Voleibol;12764;Eredivisie ;0
262;Voleibol;10324;National League;0
262;Voleibol;10837;ORLEN Liga;0
262;Voleibol;26444;Superleague, 2nd Phase, Group II;0
262;Voleibol;9072;Aon Volley League;0
262;Voleibol;66086;Taiwan University Volleyball League;0
262;Voleibol;11779;Qatar Volleyball League ;0
335;Hockey Hielo;10100;NHL;0
340;Bádminton;10783;European Team Championships, WS;0
340;Bádminton;10715;European Team Championships, MD;0
340;Bádminton;12278;Spain Masters MD;0
340;Bádminton;118671;Shuttle Masters Cup, Women Doubles;0
340;Bádminton;11863;Spain Masters WS;0
340;Bádminton;11864;Spain Masters MS;0
340;Bádminton;10536;Asia Team Championships, WD;0
340;Bádminton;27644;YONEX All England Open WS;0
340;Bádminton;220456;Armenia Infinity Cup, Women;0
340;Bádminton;10625;Asia Team Championships, MS;0
340;Bádminton;11040;All Africa Men's & Women's Team Championships, MS;0
340;Bádminton;27801;YONEX All England Open MD;0
340;Bádminton;76864;Armenia Infinity Cup;0
340;Bádminton;220350;Armenia Infinity Cup, XD;0
340;Bádminton;112275;Shuttle Masters Cup, Women;0
340;Bádminton;27645;YONEX All England Open XD;0
340;Bádminton;27626;YONEX All England Open MS;0
340;Bádminton;10524;Asia Team Championships, WS;0
340;Bádminton;10648;European Team Championships, MS;0
340;Bádminton;76956;Armenia Infinity Cup, Doubles;0
340;Bádminton;27810;YONEX All England Open WD;0
340;Bádminton;81362;Shuttle Masters Cup;0
340;Bádminton;211045;Brest Badminton Championship;0
340;Bádminton;12293;Spain Masters WD;0
340;Bádminton;118801;Shuttle Masters Cup, Doubles;0
340;Bádminton;11865;Spain Masters XD;0
340;Bádminton;247432;Armenia Infinity Cup, Mixed Doubles;0
340;Bádminton;10644;Asia Team Championships, MD;0
343;Fútbol sala;13209;1st Division;0
343;Fútbol sala;15193;NB I ;0
343;Fútbol sala;11923;Premier League;0
343;Fútbol sala;45280;ALF Futsal League;0
343;Fútbol sala;20911;Greece Futsal Cup;0
343;Fútbol sala;38586;Bobruisk Futsal League;0
343;Fútbol sala;29951;Vyshchaya Liga;0
343;Fútbol sala;21961;1a Divisao;0
343;Fútbol sala;12820;1. Liga;0
343;Fútbol sala;18921;Copa de Espana;0
343;Fútbol sala;124120;Spring League;0
343;Fútbol sala;14110;Cup;0
343;Fútbol sala;12397;Superliga;0
343;Fútbol sala;10916;Club Friendly Games;0
343;Fútbol sala;12149;Primera Division;0
343;Fútbol sala;22889;Liga 1, Playout;0
343;Fútbol sala;12477;Serie A;0
350;Cuotas Especiales;11565;Mejor Liga del Mundo;0
353;Fútbol Reglas Australianas;33871;AFL Premiership;1
353;Fútbol Reglas Australianas;12175;NAB Challenge;1
361;Formula 1;14951;FIA Formula One World Championship ;0
361;Formula 1;14950;FIA Formula One World Championship;0
498;Rugby League;35813;Telstra Premiership;0
504;Billar;36729;European Amateur Snooker Championship;1
508;Table Tennis;37763;Russian Liga Pro;0
508;Table Tennis;37764;TTStar Series;0
508;Table Tennis;37765;Ukraine TT Cup;0
514;Bolos;39039;Grand Prix Bowls;1
516;;40335;TT Cup;0
516;;40645;Setka Cup;0
516;;40656;TT Cup, Women;0
526;Horse Racing;42380;Ascot;1
1468;Galgos;73827;Albion Park;1
1477;eSports FIFA;84095;eLiga MX;0
1553;Caballos;118412;Ascot;1
1553;Caballos;113628;Kembla Grange;1
