7@s.s@Soccer@s.s@40246@s.s@Up To 30th Min - Moneyline@s.s@0@s.s@["Home","Draw","Away"]
7@s.s@Soccer@s.s@40247@s.s@Up To 70th Min - Moneyline@s.s@0@s.s@["Home","Draw","Away"]
7@s.s@Soccer@s.s@25945@s.s@Group Winner@s.s@0@s.s@["Italy","Switzerland","Wales","Turkey"]
7@s.s@Soccer@s.s@25913@s.s@Goal Scored 76-Fulltime@s.s@0@s.s@["Yes","No"]
7@s.s@Soccer@s.s@25894@s.s@Match Winner & OU 1.5@s.s@0@s.s@["Larissa win and over 1.5","Larissa win and under 1.5","Draw and over 1.5","Draw and under 1.5","PAOK Saloniki win and over 1.5","PAOK Saloniki win and under 1.5"]
7@s.s@Soccer@s.s@25957@s.s@Head 2 Head@s.s@0@s.s@["FCSB","CFR Ecomax Cluj"]
7@s.s@Soccer@s.s@25941@s.s@Total Corners Odd\/Even@s.s@0@s.s@["Odd","Even"]
7@s.s@Soccer@s.s@25898@s.s@Teams Clean Sheet@s.s@0@s.s@["Yes","No"]
7@s.s@Soccer@s.s@25942@s.s@Corners 3 Way OU@s.s@0@s.s@["Over 7","Exactly 7","Under 7","Over 8","Exactly 8","Under 8","Over 9","Exactly 9","Under 9","Over 10","Exactly 10","Under 10","Over 11","Exactly 11","Under 11"]
7@s.s@Soccer@s.s@25930@s.s@Number Of Goals 1st Half@s.s@0@s.s@["No Goals","1 Goal","2 Goals","3 Goals or more"]
7@s.s@Soccer@s.s@25954@s.s@Specials@s.s@0@s.s@["Dijon To Qualify in Regular Time","Dijon To Qualify in Extra Time","Dijon To Qualify After Penalties","Paris St-Germain To Qualify in Regular Time","Paris St-Germain To Qualify in Extra Time","Paris St-Germain To Qualify after Penalties"]
7@s.s@Soccer@s.s@25939@s.s@To Miss A Penalty@s.s@0@s.s@["Western United to miss a penalty","Brisbane Roar to miss a penalty"]
7@s.s@Soccer@s.s@25897@s.s@Both Teams To Score & O 2.5@s.s@0@s.s@["Yes","No"]
7@s.s@Soccer@s.s@25852@s.s@2nd Half - Moneyline@s.s@0@s.s@["Home","Draw","Away"]
7@s.s@Soccer@s.s@25895@s.s@Match Winner & O\/U 2.5@s.s@0@s.s@["Larissa win and over 2.5","Larissa win and under 2.5","Draw and over 2.5","Draw and under 2.5","PAOK Saloniki win and over 2.5","PAOK Saloniki win and under 2.5"]
7@s.s@Soccer@s.s@25896@s.s@Multi Goals FT@s.s@0@s.s@["1-2 Goals","Other than 1-2","1-3 Goals","Other than 1-3","1-4 Goals","Other than 1-4","1-5 Goals","Other than 1-5","1-6 Goals","Other than 1-6","2-3 Goals","Other than 2-3","2-4 Goals","Other than 2-4","2-5 Goals","Other than 2-5","2-6 Goals","Other than 2-6","3-4 Goals","Other than 3-4","3-5 Goals","Other than 3-5","3-6 Goals","Other than 3-6","4-5 Goals","Other than 4-5","4-6 Goals","Other than 4-6","5-6 Goals","Other than 5-6","6+ Goals","Other than 6+"]
7@s.s@Soccer@s.s@25929@s.s@Teams To Score In 1st Half@s.s@0@s.s@["Yes","No"]
7@s.s@Soccer@s.s@25921@s.s@Double Chance & Goals@s.s@0@s.s@["1 or X & O 1.5","1 or 2 & O 1.5","X or 2 & O 1.5","1 or X & U 1.5","1 or 2 & U 1.5","X or 2 & U 1.5","1 or X & O 2.5","1 or 2 & O 2.5","X or 2 & O 2.5","1 or X & U 2.5","1 or 2 & U 2.5","X or 2 & U 2.5","1 or X & O 3.5","1 or 2 & O 3.5","X or 2 & O 3.5","1 or X & U 3.5","1 or 2 & U 3.5","X or 2 & U 3.5","1 or X & O 4.5","1 or 2 & O 4.5","X or 2 & O 4.5","1 or X & U 4.5","1 or 2 & U 4.5","X or 2 & U 4.5"]
7@s.s@Soccer@s.s@4656@s.s@Total Goals - Total@s.s@0@s.s@["Over 0.5","Under 0.5"]
7@s.s@Soccer@s.s@25940@s.s@First Goal Method Of Scoring@s.s@0@s.s@["Shot","Header","Penalty","Free Kick","Own Goal","No Goal"]
7@s.s@Soccer@s.s@25853@s.s@Total Goals 1st Half - Total@s.s@0@s.s@["Over 0.5","Under 0.5"]
7@s.s@Soccer@s.s@25922@s.s@Halftime Or Fulltime@s.s@0@s.s@["Larissa","Draw","PAOK Saloniki"]
7@s.s@Soccer@s.s@25923@s.s@Exact Score 1st Half@s.s@0@s.s@["0:0","0:1","0:2","0:3","1:0","1:1","1:2","1:3","2:0","2:1","2:2"]
7@s.s@Soccer@s.s@25910@s.s@Goal Scored 31-Half Time@s.s@0@s.s@["Yes","No"]
7@s.s@Soccer@s.s@25924@s.s@Double Chance 1st Half@s.s@0@s.s@["1 or X","X or 2","1 or 2"]
7@s.s@Soccer@s.s@25916@s.s@Both Teams To Score In Both Halves@s.s@0@s.s@["Yes","No"]
7@s.s@Soccer@s.s@25857@s.s@Up To 70th Min - Total@s.s@0@s.s@["Over 1.75","Under 1.75"]
7@s.s@Soccer@s.s@25858@s.s@Red Cards - Total@s.s@0@s.s@["Over 0.5","Under 0.5"]
7@s.s@Soccer@s.s@25859@s.s@Penalty In A Match - Total@s.s@0@s.s@["Over 0.5","Under 0.5"]
7@s.s@Soccer@s.s@25931@s.s@1st Half 3W Handicap@s.s@0@s.s@["Larissa (-1)","Tie, Larissa (-1)","PAOK Saloniki (1)","Larissa (1)","Tie, Larissa (1)","PAOK Saloniki (-1)","Larissa (2)","Tie, Larissa (2)","PAOK Saloniki (-2)","Larissa (3)","Tie, Larissa (3)","PAOK Saloniki (-3)"]
7@s.s@Soccer@s.s@25874@s.s@Offside - Total@s.s@0@s.s@["Over 4","Under 4"]
7@s.s@Soccer@s.s@25875@s.s@Offside - Moneyline@s.s@0@s.s@["Home","Draw","Away"]
7@s.s@Soccer@s.s@25876@s.s@Fouls - Spread@s.s@0@s.s@["Home -2.5","Away 2.5"]
7@s.s@Soccer@s.s@4646@s.s@FT - Spread@s.s@0@s.s@["Home 0","Away 0"]
7@s.s@Soccer@s.s@4719@s.s@Odd\\/Even@s.s@0@s.s@["Odd","Even"]
7@s.s@Soccer@s.s@4718@s.s@Half Time\\/Full Time@s.s@0@s.s@["1\\/1","1\\/2","1\\/X","2\\/X","X\\/X","2\\/1","2\\/2","X\\/1","X\\/2"]
7@s.s@Soccer@s.s@25877@s.s@Fouls - Total@s.s@0@s.s@["Over 26","Under 26"]
7@s.s@Soccer@s.s@25878@s.s@Fouls - Moneyline@s.s@0@s.s@["Home","Draw","Away"]
7@s.s@Soccer@s.s@25879@s.s@Ball Possession - Spread@s.s@0@s.s@["Home 1","Away -1"]
7@s.s@Soccer@s.s@25880@s.s@Shots On Target - Spread@s.s@0@s.s@["Home -1.5","Away 1.5"]
7@s.s@Soccer@s.s@25881@s.s@Shots On Target - Total@s.s@0@s.s@["Over 10.5","Under 10.5"]
7@s.s@Soccer@s.s@25882@s.s@Shots On Target - Moneyline@s.s@0@s.s@["Home","Draw","Away"]
7@s.s@Soccer@s.s@25956@s.s@Nations@s.s@0@s.s@["England","Spain","Italy","Germany","France"]
7@s.s@Soccer@s.s@25917@s.s@Team To Win By 2 Goals Or More@s.s@0@s.s@["Larissa","PAOK Saloniki"]
7@s.s@Soccer@s.s@4665@s.s@Exact Score@s.s@0@s.s@["0:0","0:1","0:2","0:3","1:0","1:1","1:2","1:3","1:4","2:0","2:1","2:2","2:3","2:4","3:0","3:1","3:2","3:3","3:4","4:0","4:1","4:2","4:3","5:0","5:1","5:2","5:3","6:0","6:1","6:2","7:0","7:1"]
7@s.s@Soccer@s.s@25920@s.s@Halves Goals Combo 3@s.s@0@s.s@["1H Over 1.5 & 2H Over 1.5"]
7@s.s@Soccer@s.s@25943@s.s@Relegation@s.s@0@s.s@["Sheffield Utd","Norwich","Burnley","Brighton","Bournemouth","Newcastle","Southampton","Crystal Palace","Watford","West Ham","Wolves","Everton","Arsenal","Aston Villa"]
7@s.s@Soccer@s.s@25883@s.s@Total Team 1 Fouls - Total@s.s@0@s.s@["Over 14.5","Under 14.5"]
7@s.s@Soccer@s.s@25914@s.s@Multi Bet Exact Score@s.s@0@s.s@["1-0, 2-0, 3-0","0-1, 0-2, 0-3","4-0, 5-0, 6-0","0-4, 0-5, 0-6","2-1, 3-1, 4-1","1-2, 1-3, 1-4","3-2, 4-2, 4-3, 5-1","2-3, 2-4, 3-4, 1-5"]
7@s.s@Soccer@s.s@25884@s.s@Total Team 2 Fouls - Total@s.s@0@s.s@["Over 12","Under 12"]
7@s.s@Soccer@s.s@4666@s.s@3W Handicap@s.s@0@s.s@["Man City (-4)","Tie, Man City (-4)","Man Utd (4)","Man City (-3)","Tie, Man City (-3)","Man Utd (3)","Man City (-2)","Tie, Man City (-2)","Man Utd (2)","Man City (-1)","Tie, Man City (-1)","Man Utd (1)","Man City (1)","Tie, Man City (1)","Man Utd (-1)","Man City (2)","Tie, Man City (2)","Man Utd (-2)"]
7@s.s@Soccer@s.s@25870@s.s@Last Booking - Spread@s.s@0@s.s@["Home 0","Away 0"]
7@s.s@Soccer@s.s@25925@s.s@1st Half Odd\/Even@s.s@0@s.s@["Odd","Even"]
7@s.s@Soccer@s.s@25926@s.s@2nd Half Odd\/Even@s.s@0@s.s@["Odd","Even"]
7@s.s@Soccer@s.s@25855@s.s@Up To 30th Min - Spread@s.s@0@s.s@["Home 0","Away 0"]
7@s.s@Soccer@s.s@25927@s.s@Multi Goals 1st Half@s.s@0@s.s@["1-2 Goals","Other than 1-2","1-3 Goals","Other than 1-3","1-4 Goals","Other than 1-4","2-3 Goals","Other than 2-3","2-4 Goals","Other than 2-4","3-4 Goals","Other than 3-4","4+ Goals","Other than 4+"]
7@s.s@Soccer@s.s@4720@s.s@OutRight@s.s@0@s.s@["Leicester","Aston Villa","Man City","Man Utd"]
7@s.s@Soccer@s.s@33036@s.s@Player To Be Carded First@s.s@0@s.s@["Achraf Hakimi","Almamy Toure","Andre Silva","Axel Witsel","Bas Dost","Daichi Kamada","Dan-Axel Zagadou","Danny Da Costa","David Abraham","Djibril Sow","Dominik Kohr","Emre Can","Erik Durm","Erling Braut Haland","Evan Ndicka","Filip Kostic","Giovanni Reyna","Goncalo Paciencia","Jadon Sancho","Jonathan de Guzman","Leonardo Balerdi","Lukasz Piszczek","Mahmoud Dahoud","Makoto Hasebe","Manuel Akanji","Marcel Schmelzer","Mario Gotze","Martin Hinteregger","Mats Hummels","Mijat Gacinovic","Nico Schulz","Raphael Guerreiro","Sahverdi Cetin","Sebastian Rode"," Stefan Ilsanker","Thorgan Hazard","Timothy Chandler","Roman Burki","Kevin Trapp"]
7@s.s@Soccer@s.s@25946@s.s@Race To 3 Corners@s.s@0@s.s@["Standard Liege","Neither","Club Brugge"]
7@s.s@Soccer@s.s@25856@s.s@Up To 30th Min - Total@s.s@0@s.s@["Over 0.75","Under 0.75"]
7@s.s@Soccer@s.s@35523@s.s@Live Betting - Spread@s.s@0@s.s@["Home 0.25","Away -0.25"]
7@s.s@Soccer@s.s@25932@s.s@1st Half Goals@s.s@0@s.s@["0","1+","0-1","2+","3+"]
7@s.s@Soccer@s.s@25912@s.s@Goal Scored 61-75 Min@s.s@0@s.s@["Yes","No"]
7@s.s@Soccer@s.s@4717@s.s@Double Chance@s.s@0@s.s@["1 or X","X or 2","1 or 2"]
7@s.s@Soccer@s.s@25933@s.s@2nd Half Goals@s.s@0@s.s@["0","1+","0-1","2+","3+"]
7@s.s@Soccer@s.s@4833@s.s@To Qualify - Moneyline@s.s@0@s.s@["Home","Draw","Away"]
7@s.s@Soccer@s.s@4667@s.s@Both Teams to Score@s.s@0@s.s@["Yes","No"]
7@s.s@Soccer@s.s@4668@s.s@1st Team To Score@s.s@0@s.s@["Man City","No 1st Goal","Man Utd"]
7@s.s@Soccer@s.s@25885@s.s@Total Team 1 Offside - Total@s.s@0@s.s@["Over 2.5","Under 2.5"]
7@s.s@Soccer@s.s@25860@s.s@Corners 1st Half - Spread@s.s@0@s.s@["Home 0","Away 0"]
7@s.s@Soccer@s.s@25947@s.s@Race To 5 Corners@s.s@0@s.s@["Standard Liege","Neither","Club Brugge"]
7@s.s@Soccer@s.s@25948@s.s@Race To 7 Corners@s.s@0@s.s@["Standard Liege","Neither","Club Brugge"]
7@s.s@Soccer@s.s@25871@s.s@Total Booking In Match - Spread@s.s@0@s.s@["Home 0.5","Away -0.5"]
7@s.s@Soccer@s.s@4670@s.s@Match Winner & Both Teams To Score@s.s@0@s.s@["Man City win and both to score","Draw with goals","Man Utd win and both to score","Man City win to zero","Draw without goals","Man Utd win to zero"]
7@s.s@Soccer@s.s@25872@s.s@Total Booking In Match - Total@s.s@0@s.s@["Over 5","Under 5"]
7@s.s@Soccer@s.s@25935@s.s@Odd\/Even@s.s@0@s.s@["Odd","Even"]
7@s.s@Soccer@s.s@25886@s.s@Total Team 2 Offside - Total@s.s@0@s.s@["Over 1.5","Under 1.5"]
7@s.s@Soccer@s.s@25952@s.s@Player Red Card@s.s@0@s.s@["Mario Barco","Mickael Malsa","Carlos Julio Martinez Rivas","Mikel Merino","Alvaro Rey","Antonio Sanchez","Enric Franquesa","Odei Onaindia","Sergio Gonzalez","Gorka Kijera","Portu","Matheus Aias","Alvaro Pena","Igor Zubeldia","Ander Guevara","Diego Llorente","Nacho Monreal","Aritz Elustondo","Robin Le Normand","Alexander Gonzalez","Joseba Zaldua","Lorenzo Crisetig","Willian Jose","Ander Barrenetxea","Marcos De Sousa Mendonca","Martin Merquelanz","Inigo Vicente","Joaquin Munoz","Andoni Gorosabel","Adnan Januzaj","David Zurutuza","Jon Guridi","Alexander Isak","Ernest Ohemeng","Aihen Munoz","Modibo Sagnan","Luca Sangalli","Mikel Oyarzabal","Martin Odegaard","Alejandro Remiro","Limones"]
7@s.s@Soccer@s.s@25953@s.s@Player Propositions@s.s@0@s.s@["Gonzalo Higuain Total Assists - Over 0.5","Gonzalo Higuain To Score From Outside the Box","Gonzalo Higuain To Score a Header","Gonzalo Higuain Total Shots - Over 3.5","Gonzalo Higuain Total Shots on Goal - Over 1.5   "]
7@s.s@Soccer@s.s@25887@s.s@Total Team 1 Shots On Target - Total@s.s@0@s.s@["Over 6","Under 6"]
7@s.s@Soccer@s.s@25888@s.s@Total Team 2 Shots On Target - Total@s.s@0@s.s@["Over 4.5","Under 4.5"]
7@s.s@Soccer@s.s@25909@s.s@Goal Scored 16-30 Min@s.s@0@s.s@["Yes","No"]
7@s.s@Soccer@s.s@25889@s.s@Teams Odd\/Even@s.s@0@s.s@["Odd","Even"]
7@s.s@Soccer@s.s@25861@s.s@Corners 1st Half - Total@s.s@0@s.s@["Over 4.5","Under 4.5"]
7@s.s@Soccer@s.s@4672@s.s@Number Of Goals@s.s@0@s.s@["No Goals","1 Goal","2 Goals","3 Goals","4 Goals","5 Goals","6 Goals or more"]
7@s.s@Soccer@s.s@25862@s.s@Corners 1st Half - Moneyline@s.s@0@s.s@["Home","Draw","Away"]
7@s.s@Soccer@s.s@25890@s.s@Winning Margin@s.s@0@s.s@["No score draw","Score Draw","Larissa to win by 1 goal","Larissa to win by 2 goals","PAOK Saloniki to win by 1 goal","PAOK Saloniki to win by 2 goals","Larissa to win by 3 goals","Larissa to win by 4 goals or more","PAOK Saloniki to win by 3 goals","PAOK Saloniki to win by 4 goals or more"]
7@s.s@Soccer@s.s@25891@s.s@To Win To Nil@s.s@0@s.s@["Larissa","PAOK Saloniki"]
7@s.s@Soccer@s.s@25863@s.s@Corners 2nd Half - Total@s.s@0@s.s@["Over 0","Under 0"]
7@s.s@Soccer@s.s@25864@s.s@Corners FT - Spread@s.s@0@s.s@["Home 0","Away 0"]
7@s.s@Soccer@s.s@25873@s.s@Offside - Spread@s.s@0@s.s@["Home -1.5","Away 1.5"]
7@s.s@Soccer@s.s@25892@s.s@To Win From Behind@s.s@0@s.s@["Larissa","PAOK Saloniki"]
7@s.s@Soccer@s.s@25893@s.s@Match Winner & O\/U 1.5 1st Half@s.s@0@s.s@["Larissa win and over 1.5","Larissa win and under 1.5","Draw and over 1.5","Draw and under 1.5","PAOK Saloniki win and over 1.5","PAOK Saloniki win and under 1.5"]
7@s.s@Soccer@s.s@25911@s.s@Goal Scored Starting 2nd Half-60 Min@s.s@0@s.s@["Yes","No"]
7@s.s@Soccer@s.s@4647@s.s@FT - Total@s.s@0@s.s@["Over 2.25","Under 2.25"]
7@s.s@Soccer@s.s@25865@s.s@Corners FT - Total@s.s@0@s.s@["Over 10","Under 10"]
7@s.s@Soccer@s.s@4648@s.s@FT - Moneyline@s.s@0@s.s@["Home","Draw","Away"]
7@s.s@Soccer@s.s@25848@s.s@1st Half - Spread@s.s@0@s.s@["Home 0","Away 0"]
7@s.s@Soccer@s.s@25915@s.s@Both To Score No Draw@s.s@0@s.s@["Yes","No"]
7@s.s@Soccer@s.s@25849@s.s@1st Half - Total@s.s@0@s.s@["Over 0.75","Under 0.75"]
7@s.s@Soccer@s.s@4651@s.s@1st Half - Moneyline@s.s@0@s.s@["Home","Draw","Away"]
7@s.s@Soccer@s.s@25866@s.s@Corners FT - Moneyline@s.s@0@s.s@["Home","Draw","Away"]
7@s.s@Soccer@s.s@25867@s.s@First Corner - Spread@s.s@0@s.s@["Home 0","Away 0"]
7@s.s@Soccer@s.s@25868@s.s@Last Corner - Spread@s.s@0@s.s@["Home 0","Away 0"]
7@s.s@Soccer@s.s@25949@s.s@Race To 9 Corners@s.s@0@s.s@["Standard Liege","Neither","Club Brugge"]
7@s.s@Soccer@s.s@4652@s.s@Draw No Bet - Spread@s.s@0@s.s@["Home 0","Away 0"]
7@s.s@Soccer@s.s@25850@s.s@2nd Half - Spread@s.s@0@s.s@["Home 0","Away 0"]
7@s.s@Soccer@s.s@25908@s.s@Goal Scored 1-15 Min@s.s@0@s.s@["Yes","No"]
7@s.s@Soccer@s.s@25907@s.s@Goal Up To 30 Minute@s.s@0@s.s@["Yes","No"]
7@s.s@Soccer@s.s@25906@s.s@2nd Half Teams Odd\/Even@s.s@0@s.s@["Odd","Even"]
7@s.s@Soccer@s.s@25934@s.s@Half Time\/Full Time@s.s@0@s.s@["1\/1","1\/2","1\/X","2\/X","X\/X","2\/1","2\/2","X\/1","X\/2"]
7@s.s@Soccer@s.s@25950@s.s@Promotion@s.s@0@s.s@["Leeds","Fulham","West Brom","Cardiff City","Stoke City","Huddersfield Town","Brentford","Middlesbrough","Nottingham Forest","Sheffield Wed","Bristol City","Swansea","Hull City","Preston","Birmingham","Blackburn","Queens Park Rangers","Reading","Millwall","Derby County"]
7@s.s@Soccer@s.s@25936@s.s@To Win Either Half@s.s@0@s.s@["Larissa","PAOK Saloniki"]
7@s.s@Soccer@s.s@25905@s.s@1st Half Teams Odd\/Even@s.s@0@s.s@["Odd","Even"]
7@s.s@Soccer@s.s@25904@s.s@Teams To Score In 2nd Half@s.s@0@s.s@["Yes","No"]
7@s.s@Soccer@s.s@25903@s.s@Teams To Score In Both Halves@s.s@0@s.s@["Yes","No"]
7@s.s@Soccer@s.s@25951@s.s@Player Cards@s.s@0@s.s@["Alexander Isak","Willian Jose","Portu","Ander Barrenetxea","Mikel Oyarzabal","Adnan Januzaj","Martin Odegaard","Luca Sangalli","Matheus Aias","Mario Barco","David Zurutuza","Marcos De Sousa Mendonca","Martin Merquelanz","Inigo Vicente","Mikel Merino","Alvaro Rey","Joaquin Munoz","Jon Guridi","Alvaro Pena","Igor Zubeldia","Ander Guevara","Diego Llorente","Nacho Monreal","Ernest Ohemeng","Aritz Elustondo","Robin Le Normand","Alexander Gonzalez","Aihen Munoz","Andoni Gorosabel","Antonio Sanchez","Mickael Malsa","Joseba Zaldua","Lorenzo Crisetig","Enric Franquesa","Odei Onaindia","Modibo Sagnan","Sergio Gonzalez","Gorka Kijera","Carlos Julio Martinez Rivas","Alejandro Remiro","Limones"]
7@s.s@Soccer@s.s@25902@s.s@Team To Win In Both Halves@s.s@0@s.s@["Larissa","PAOK Saloniki"]
7@s.s@Soccer@s.s@25919@s.s@Halves Goals Combo 2@s.s@0@s.s@["1H Over 0.5 & 2H Over 1.5"]
7@s.s@Soccer@s.s@25851@s.s@2nd Half - Total@s.s@0@s.s@["Over 1.25","Under 1.25"]
7@s.s@Soccer@s.s@25901@s.s@Match Winner & O\/U 3.5@s.s@0@s.s@["Larissa win and over 3.5","Larissa win and under 3.5","Draw and over 3.5","Draw and under 3.5","PAOK Saloniki win and over 3.5","PAOK Saloniki win and under 3.5"]
7@s.s@Soccer@s.s@25928@s.s@Multi Goals 2nd Half@s.s@0@s.s@["1-2 Goals","Other than 1-2","1-3 Goals","Other than 1-3","1-4 Goals","Other than 1-4","2-3 Goals","Other than 2-3","2-4 Goals","Other than 2-4","3-4 Goals","Other than 3-4","4+ Goals","Other than 4+"]
7@s.s@Soccer@s.s@25869@s.s@First Booking - Spread@s.s@0@s.s@["Home 0","Away 0"]
7@s.s@Soccer@s.s@4681@s.s@1st Goal Period@s.s@0@s.s@["1-10 Min","31-40 Min","61-70 Min","11-20 Min","41-50 Min","71-80 Min","21-30 Min","51-60 Min","81-90 Min"]
7@s.s@Soccer@s.s@25900@s.s@Half Time\/Full Time & O\/U 2.5@s.s@0@s.s@["1\/1 and O 2.5","2\/X and O 2.5","X\/X and O 2.5","1\/2 and O 2.5","2\/1 and O 2.5","X\/1 and O 2.5","1\/X and O 2.5","2\/2 and O 2.5","X\/2 and O 2.5","1\/1 and U 2.5","2\/X and U 2.5","X\/X and U 2.5","X\/1 and U 2.5","1\/X and U 2.5","2\/2 and U 2.5","X\/2 and U 2.5"]
7@s.s@Soccer@s.s@25899@s.s@OU & Goal Crazy@s.s@0@s.s@["0-1","0-2","2+","2-3","3+","0-3","4+","5+","4-6","6+","7+"]
7@s.s@Soccer@s.s@4943@s.s@Winner@s.s@0@s.s@["Inter Milan","Napoli","AC Milan","AS Roma","Lazio","Atalanta"]
7@s.s@Soccer@s.s@25937@s.s@Half With Most Goals@s.s@0@s.s@["1st Half","2nd Half","Tie"]
7@s.s@Soccer@s.s@25938@s.s@To Score A Penalty@s.s@0@s.s@["Western United to score a penalty","Brisbane Roar to score a penalty"]
7@s.s@Soccer@s.s@4658@s.s@Last To Score - Moneyline@s.s@0@s.s@["Home","Draw","Away"]
7@s.s@Soccer@s.s@25918@s.s@Halves Goals Combo 1@s.s@0@s.s@["1H Over 0.5 & 2H Over 0.5"]
7@s.s@Soccer@s.s@1225143@s.s@Goalscorer@s.s@0@s.s@["No Goalscorer","Nicklas Helenius","Frederik Tingager","Kasper Hogh","Andre Romer","Alexander Ammitzboll","Jakob Ankersen","Marvin Egho","Mikkel Kallesoe","Benjamin Hvidt","Johnny Thomsen","Sebastian Hausner","Patrick Mortensen","Emil Jakobsen","Simon Piesinger","Frederik Lauenborg","Tosin Kehinde","Mustafa Amini","Vito Hammershoy Mistrati","Bror Blume","Bjorn Kopplin","Mustapha Bundu","Alex Gersbach","Nicolai Poulsen","Mathias Nielsen","Casper Hojer Nielsen","Jesper Juelsgaard","Alhaji Kamara","Zach Duncan","Erik Marxen","Jon Dagur Thorsteinsson","Simon Graves"]
7@s.s@Soccer@s.s@1226172@s.s@Goalscorer Premier@s.s@0@s.s@["Mathew Leckie","Willi Orban","Lazar Samardzic","Javairo Dilrosun","Vedad Ibisevic","Dedryck Boyata","Dani Olmo","Dodi Lukebakio","Per Ciljan Skjelbred","Arne Maier","Konrad Laimer","Jessic Ngankam","Lukas Klunter","Christopher Nkunku","Vladimir Darida","Nordi Mukiele","Krzysztof Piatek","Timo Werner","Marcel Halstenberg","Dayot Upamecano","Marvin Plattenhardt","Matheus Cunha","Yussuf Poulsen","Marcel Sabitzer","Peter Pekarik","Maximilian Mittelstadt","Jordan Torunarigha","Hannes Wolf","Niklas Stark","Tyler Adams","Marko Grujic","Ethan Ampadu","Ibrahima Konate","Angelino","Ademola Lookman","Marius Wolf","Amadou Haidara","Patrik Schick","Lukas Klostermann","Kevin Kampl"]
7@s.s@Soccer@s.s@1068487@s.s@Last Free Kick - Spread@s.s@0@s.s@["Home 0","Away 0"]
7@s.s@Soccer@s.s@1051138@s.s@Number Of Team Goals@s.s@0@s.s@["0","1","2","3","4+"]
7@s.s@Soccer@s.s@184017@s.s@Transfer Specials@s.s@0@s.s@["Chelsea","Man Utd","Barcelona","Bayern Munchen","Real Madrid","Paris St-Germain","Tottenham","Arsenal","Man City"]
7@s.s@Soccer@s.s@1051137@s.s@Number Of Team Goals 1st Half@s.s@0@s.s@["0","1","2","3","4+"]
7@s.s@Soccer@s.s@1056056@s.s@Corners 2nd Half - Spread@s.s@0@s.s@["Home -0.25","Away 0.25"]
7@s.s@Soccer@s.s@1056057@s.s@Corners 2nd Half - Moneyline@s.s@0@s.s@["Home","Draw","Away"]
7@s.s@Soccer@s.s@83283@s.s@Last Goal Kick - Spread@s.s@0@s.s@["Home 0","Away 0"]
7@s.s@Soccer@s.s@1068491@s.s@Last Offside - Spread@s.s@0@s.s@["Home 0","Away 0"]
7@s.s@Soccer@s.s@1068490@s.s@1st Offside - Spread@s.s@0@s.s@["Home 0","Away 0"]
7@s.s@Soccer@s.s@1068488@s.s@1st Free Kick - Spread@s.s@0@s.s@["Home 0","Away 0"]
7@s.s@Soccer@s.s@102310@s.s@Manager Specials@s.s@0@s.s@["Mauricio Pochettino","Massimiliano Allegri","Brendan Rodgers","Ralf Rangnick","Laurent Blanc","Michael Carrick","Gareth Southgate","Julian Nagelsmann","Rafael Benitez","Arsene Wenger","Philip Neville","Luis Enrique","Eddie Howe","Nuno Espirito Santo","Zinedine Zidane","Carlo Ancelotti","Roy Keane","Ryan Giggs","Gary Neville","Chris Wilder","Pep Guardiola","Eric Cantona","Steven Gerrard","Frank Lampard","Graham Potter"]
7@s.s@Soccer@s.s@83282@s.s@1st Goal Kick - Spread@s.s@0@s.s@["Home 0","Away 0"]
7@s.s@Soccer@s.s@83226@s.s@Last Substitute - Spread@s.s@0@s.s@["Home 0","Away 0"]
7@s.s@Soccer@s.s@83227@s.s@Total Goals Min - Total@s.s@0@s.s@["Over 0","Under 0"]
7@s.s@Soccer@s.s@152481@s.s@Total Booking In Match - Moneyline@s.s@0@s.s@[]
7@s.s@Soccer@s.s@68409@s.s@Special Bets Price Boosts@s.s@0@s.s@["Over 36.5","Under 36.5"]
7@s.s@Soccer@s.s@83225@s.s@Last Throw In - Spread@s.s@0@s.s@["Home 0","Away 0"]
7@s.s@Soccer@s.s@83224@s.s@1st Throw In - Spread@s.s@0@s.s@["Home 0","Away 0"]
7@s.s@Soccer@s.s@83223@s.s@First Substitute - Spread@s.s@0@s.s@["Home 0","Away 0"]
7@s.s@Soccer@s.s@25854@s.s@Handicap Alternative - Spread@s.s@0@s.s@["Home -2.5","Away 2.5"]
7@s.s@Soccer@s.s@78058@s.s@Win The Cup - Moneyline@s.s@0@s.s@["Home","Draw","Away"]
7@s.s@Soccer@s.s@30027@s.s@Live Betting - Moneyline@s.s@0@s.s@["Home","Draw","Away"]
7@s.s@Soccer@s.s@25944@s.s@Top Finish@s.s@0@s.s@["Man Utd","Tottenham","Arsenal","Chelsea","Everton","Wolves","Leicester","Southampton","Newcastle","Brighton","Burnley","Sheffield Utd"]
7@s.s@Soccer@s.s@25955@s.s@Finalists@s.s@0@s.s@["Man City","Barcelona","Paris St-Germain","Liverpool","Bayern Munchen","Juventus","Real Madrid","Atletico Madrid","Napoli","Chelsea","Tottenham","Dortmund","RB Leipzig","Valencia","Lyon","Atalanta"]
7@s.s@Soccer@s.s@35524@s.s@Live Betting - Total@s.s@0@s.s@["Over 2","Under 2"]
9@s.s@BasketBall@s.s@26195@s.s@1st Quarter Teams Odd\/Even@s.s@0@s.s@["Odd","Even"]
9@s.s@BasketBall@s.s@26172@s.s@1st Half - Total@s.s@0@s.s@["Over 82.5","Under 82.5"]
9@s.s@BasketBall@s.s@26174@s.s@1st Quarter - Total@s.s@0@s.s@["Over 41.5","Under 41.5"]
9@s.s@BasketBall@s.s@199214@s.s@Winner@s.s@0@s.s@[]
9@s.s@BasketBall@s.s@26209@s.s@Conference Winner@s.s@0@s.s@["Milwaukee Bucks","Philadelphia 76ers","Boston Celtics","Brooklyn Nets","Toronto Raptors","Indiana Pacers","Miami Heat","Orlando Magic","Atlanta Hawks","Chicago Bulls","Detroit Pistons","Washington Wizards","Charlotte Hornets","Cleveland Cavaliers","NY Knicks"]
9@s.s@BasketBall@s.s@1292944@s.s@Highest Scoring Quarter@s.s@0@s.s@["1st Quarter","2nd Quarter","3rd Quarter","4th Quarter"]
9@s.s@BasketBall@s.s@68404@s.s@NBA Draft Specials@s.s@0@s.s@[]
9@s.s@BasketBall@s.s@6718@s.s@1st Half Odd\\/Even@s.s@0@s.s@["Odd","Even"]
9@s.s@BasketBall@s.s@26176@s.s@Race to 25 Points - Moneyline@s.s@0@s.s@["Home","Draw","Away"]
9@s.s@BasketBall@s.s@26175@s.s@Race to 12 Points - Moneyline@s.s@0@s.s@["Home","Draw","Away"]
9@s.s@BasketBall@s.s@31702@s.s@Live Betting - Spread@s.s@0@s.s@["Home 2.5","Away -2.5"]
9@s.s@BasketBall@s.s@31706@s.s@Live Betting - Moneyline@s.s@0@s.s@["Home","Draw","Away"]
9@s.s@BasketBall@s.s@6555@s.s@FT - Spread@s.s@0@s.s@["Home 5.5","Away -5.5"]
9@s.s@BasketBall@s.s@6556@s.s@FT - Total@s.s@0@s.s@["Over 163.5","Under 163.5"]
9@s.s@BasketBall@s.s@6557@s.s@FT - Moneyline@s.s@0@s.s@["Home","Draw","Away"]
9@s.s@BasketBall@s.s@6560@s.s@1st Half - Moneyline@s.s@0@s.s@["Home","Draw","Away"]
9@s.s@BasketBall@s.s@35303@s.s@Highest Scoring Half@s.s@0@s.s@["1st Half","2nd Half"]
9@s.s@BasketBall@s.s@6563@s.s@1st Quarter - Moneyline@s.s@0@s.s@["Home","Draw","Away"]
9@s.s@BasketBall@s.s@6723@s.s@Total Odd\\/Even@s.s@0@s.s@["Odd","Even"]
9@s.s@BasketBall@s.s@6728@s.s@1st Quarter Odd\\/Even@s.s@0@s.s@["Odd","Even"]
9@s.s@BasketBall@s.s@6730@s.s@OutRight@s.s@0@s.s@["Fenerbahce","Real Madrid","FC Barcelona","CSKA Moscow","Anadolu Efes","Panathinaikos","Milano","Olympiakos","Baskonia","Maccabi Tel-Aviv","BC Khimki Moscow","Zalgiris Kaunas","FC Bayern Munich","Valencia Basket Club","BC Zenit-Farm Saint Petersburg","Crvena Zvezda","Alba Berlin","Lyon-Villeurbanne"]
9@s.s@BasketBall@s.s@26199@s.s@Halftime\/Fulltime@s.s@0@s.s@["1\/1","1\/2","2\/1","2\/2","X\/1","X\/2"]
9@s.s@BasketBall@s.s@26178@s.s@Alternative - Spread@s.s@0@s.s@["Home 2.5","Away -2.5"]
9@s.s@BasketBall@s.s@26179@s.s@Alternative - Total@s.s@0@s.s@["Over 153","Under 153"]
9@s.s@BasketBall@s.s@26193@s.s@Over Time@s.s@0@s.s@["Yes","No"]
9@s.s@BasketBall@s.s@26196@s.s@1st Half Teams Odd\/Even@s.s@0@s.s@["Odd","Even"]
9@s.s@BasketBall@s.s@26197@s.s@1st Half Odd\/Even@s.s@0@s.s@["Odd","Even"]
9@s.s@BasketBall@s.s@26194@s.s@1st Quarter Odd\/Even@s.s@0@s.s@["Odd","Even"]
9@s.s@BasketBall@s.s@26189@s.s@Total Odd\/Even@s.s@0@s.s@["Odd","Even"]
9@s.s@BasketBall@s.s@26211@s.s@Group Winner@s.s@0@s.s@["Canada","Greece","Czech Republic","Turkey","Uruguay","China"]
9@s.s@BasketBall@s.s@26210@s.s@Division Winner@s.s@0@s.s@["Philadelphia 76ers","Boston Celtics","Brooklyn Nets","Toronto Raptors","NY Knicks"]
9@s.s@BasketBall@s.s@26208@s.s@Winner Without Houston Rockets@s.s@0@s.s@["LA Lakers","Milwaukee Bucks","Toronto Raptors","Golden State Warriors","Philadelphia 76ers","LA Clippers","Denver Nuggets","Boston Celtics","Utah Jazz","Oklahoma City Thunder","Brooklyn Nets","Portland Trail Blazers","Dallas Mavericks","NY Knicks","New Orleans Pelicans","Indiana Pacers","San Antonio Spurs","Sacramento Kings","Atlanta Hawks","Orlando Magic","Washington Wizards","Minnesota Timberwolves","Detroit Pistons","Memphis Grizzlies","Charlotte Hornets","Miami Heat","Chicago Bulls","Phoenix Suns","Cleveland Cavaliers"]
9@s.s@BasketBall@s.s@26207@s.s@Players@s.s@0@s.s@["M. Fultz Over 12.5 Points","M. Fultz Under 12.5 Points"]
9@s.s@BasketBall@s.s@26198@s.s@Margin of Victory 1st Quarter (To Win By 3+)@s.s@0@s.s@["Aris To win by 3+","Panathinaikos To win by 3+","Any Other Result"]
9@s.s@BasketBall@s.s@26192@s.s@Winning Margin 12way@s.s@0@s.s@["To win by 1-5","To win by 6-10","To win by 11-15","To win by 16-20","To win by 21-25","To win by 26+"]
9@s.s@BasketBall@s.s@26191@s.s@Winning Margin 7way (Any Team)@s.s@0@s.s@["To win by 1-5","To win by 6-10","To win by 11-15","To win by 16-20","To win by 21-25","To win by 26-30","To win by 31+"]
9@s.s@BasketBall@s.s@26190@s.s@Winning Margin@s.s@0@s.s@["To win by 1-2","To win by 3-6","To win by 7-9","To win by 10-13","To win by 14-16","To win by 17-20","To win by 21+"]
9@s.s@BasketBall@s.s@26188@s.s@Winning Margin 3way (To Win by 6+)@s.s@0@s.s@["Aris To win by 6+","Panathinaikos To win by 6+","Any Other Result"]
9@s.s@BasketBall@s.s@26177@s.s@Race to 45 Points - Moneyline@s.s@0@s.s@["Home","Draw","Away"]
9@s.s@BasketBall@s.s@26173@s.s@1st Quarter - Spread@s.s@0@s.s@["Home 6.5","Away -6.5"]
9@s.s@BasketBall@s.s@26171@s.s@1st Half - Spread@s.s@0@s.s@["Home 11.5","Away -11.5"]
9@s.s@BasketBall@s.s@199213@s.s@Conference Winner Without@s.s@0@s.s@[]
9@s.s@BasketBall@s.s@26187@s.s@Total Team Odd\/Even@s.s@0@s.s@["Odd","Even"]
9@s.s@BasketBall@s.s@31703@s.s@Live Betting - Total@s.s@0@s.s@["Over 234.5","Under 234.5"]
15@s.s@Football@s.s@34307@s.s@FT - Moneyline@s.s@0@s.s@["Home","Draw","Away"]
15@s.s@Football@s.s@461177@s.s@Regular season stats@s.s@0@s.s@["Over 9.5","Under 9.5"]
15@s.s@Football@s.s@461069@s.s@Division Winner@s.s@0@s.s@["Indianapolis Colts","Tennessee Titans","Houston Texans","Jacksonville Jaguars"]
15@s.s@Football@s.s@221506@s.s@Live Betting - Spread@s.s@0@s.s@[]
15@s.s@Football@s.s@34219@s.s@FT - Total@s.s@0@s.s@["Over 45.5","Under 45.5"]
15@s.s@Football@s.s@461138@s.s@Conference Winner@s.s@0@s.s@["Kansas City Chiefs","Baltimore Ravens","New England Patriots","Buffalo Bills","Indianapolis Colts","Pittsburgh Steelers","Tennessee Titans","Cleveland Browns","Denver Broncos","Las Vegas Raiders","Los Angeles Chargers","Houston Texans","New York Jets","Miami Dolphins","Cincinnati Bengals","Jacksonville Jaguars"]
15@s.s@Football@s.s@597629@s.s@To Make The Playoffs@s.s@0@s.s@["Yes","No"]
15@s.s@Football@s.s@587352@s.s@Winner@s.s@0@s.s@["Miami Dolphins","Los Angeles Chargers","Washington Redskins","Indianapolis Colts","Carolina Panthers","Cincinnati Bengals","Detroit Lions","Tampa Bay Buccaneers","Jacksonville Jaguars","Las Vegas Raiders"]
15@s.s@Football@s.s@221507@s.s@Live Betting - Total@s.s@0@s.s@[]
15@s.s@Football@s.s@221508@s.s@Live Betting - Moneyline@s.s@0@s.s@[]
15@s.s@Football@s.s@34218@s.s@FT - Spread@s.s@0@s.s@["Home 6","Away -6"]
15@s.s@Football@s.s@70025@s.s@OutRight@s.s@0@s.s@["Kansas City Chiefs","Baltimore Ravens","San Francisco 49ers","New Orleans Saints","New England Patriots","Dallas Cowboys","Philadelphia Eagles","Los Angeles Rams","Minnesota Vikings","Green Bay Packers","Pittsburgh Steelers","Seattle Seahawks","Tennessee Titans","Cleveland Browns","Houston Texans","Chicago Bears","Los Angeles Chargers","Indianapolis Colts","Tampa Bay Buccaneers","Atlanta Falcons","Buffalo Bills","Denver Broncos","Carolina Panthers","Las Vegas Raiders","Detroit Lions","Arizona Cardinals","New York Jets","Jacksonville Jaguars","New York Giants","Cincinnati Bengals","Miami Dolphins","Washington Redskins"]
17@s.s@Tennis@s.s@29811@s.s@Sets Over\/Under - Total@s.s@0@s.s@["Over 2.5","Under 2.5"]
17@s.s@Tennis@s.s@8325@s.s@Sets Handicap - Spread@s.s@0@s.s@["Home -2.5","Away 2.5"]
17@s.s@Tennis@s.s@29918@s.s@Live Betting - Moneyline@s.s@0@s.s@["Home","Draw","Away"]
17@s.s@Tennis@s.s@29823@s.s@Total Games Odd\/Even@s.s@0@s.s@["Odd","Even"]
17@s.s@Tennis@s.s@8319@s.s@FT - Moneyline@s.s@0@s.s@["Home","Draw","Away"]
17@s.s@Tennis@s.s@8320@s.s@1st Set - Moneyline@s.s@0@s.s@["Home","Draw","Away"]
17@s.s@Tennis@s.s@8336@s.s@OutRight@s.s@0@s.s@["Novak Djokovic","Roger Federer","Rafael Nadal","Stefanos Tsitsipas","Milos Raonic","Alexander Zverev","Marin Cilic","Dominic Thiem","Felix Auger-Aliassime","Kevin Anderson","Nick Kyrgios","Kei Nishikori","Juan Martin Del Potro","Stan Wawrinka","David Goffin","Borna Coric","Karen Khachanov","Daniil Medvedev","John Isner","Roberto Bautista Agut","Grigor Dimitrov ","Sam Querrey","Gael Monfils","Kyle Edmund","Matteo Berrettini","Jo-Wilfried Tsonga","Guido Pella","Frances Tiafoe","Daniel Evans","Fa
17@s.s@Tennis@s.s@29833@s.s@Set 1 Score After 6 Games@s.s@0@s.s@["4:2","2:4","5:1","1:5","6:0","0:6","3:3"]
17@s.s@Tennis@s.s@29831@s.s@Set 1 Score After 4 Games@s.s@0@s.s@["3:1","1:3","4:0","0:4","2:2"]
17@s.s@Tennis@s.s@29827@s.s@Player To Win At Least One Set@s.s@0@s.s@["Alison Van Uytvanck Yes","Alison Van Uytvanck No"]
17@s.s@Tennis@s.s@29825@s.s@Any Set To Finish To Nil@s.s@0@s.s@["Yes","No"]
17@s.s@Tennis@s.s@8324@s.s@1st Set Total Games - Total@s.s@0@s.s@["Over 6.5","Under 6.5"]
17@s.s@Tennis@s.s@8335@s.s@Tie Break In A Match@s.s@0@s.s@["Yes","No"]
17@s.s@Tennis@s.s@8326@s.s@Set Betting (Correct Score)@s.s@0@s.s@["3-0","0-3","3-1","1-3","3-2","2-3"]
17@s.s@Tennis@s.s@8329@s.s@Total Games Odd\\/Even@s.s@0@s.s@["Odd","Even"]
17@s.s@Tennis@s.s@8332@s.s@1st Set\\/Match@s.s@0@s.s@["Marco Cecchinato\\/Marco Cecchinato","Alexander Zverev\\/Alexander Zverev","Marco Cecchinato\\/Alexander Zverev","Alexander Zverev\\/Marco Cecchinato"]
17@s.s@Tennis@s.s@29821@s.s@2nd Set Exact Score@s.s@0@s.s@["6-0","0-6","6-1","1-6","6-2","2-6","6-3","3-6","6-4","4-6","7-5","5-7","7-6","6-7"]
17@s.s@Tennis@s.s@29820@s.s@1st Set Exact Score@s.s@0@s.s@["6-0","0-6","6-1","1-6","6-2","2-6","6-3","3-6","6-4","4-6","7-5","5-7","7-6","6-7"]
17@s.s@Tennis@s.s@8323@s.s@2nd Set - Moneyline@s.s@0@s.s@["Home","Draw","Away"]
17@s.s@Tennis@s.s@8322@s.s@Games - Total@s.s@0@s.s@["Over 31.5","Under 31.5"]
17@s.s@Tennis@s.s@8321@s.s@Games - Spread@s.s@0@s.s@["Home 7.5","Away -7.5"]
17@s.s@Tennis@s.s@29829@s.s@1st Set\/Match@s.s@0@s.s@["Alison Van Uytvanck\/Alison Van Uytvanck","Petra Kvitova\/Petra Kvitova","Alison Van Uytvanck\/Petra Kvitova","Petra Kvitova\/Alison Van Uytvanck"]
17@s.s@Tennis@s.s@236978@s.s@Total Aces - Spread@s.s@0@s.s@[]
17@s.s@Tennis@s.s@236917@s.s@Total Aces - Total@s.s@0@s.s@[]
30@s.s@Rugby League@s.s@146860@s.s@Winner@s.s@0@s.s@[]
30@s.s@Rugby League@s.s@8337@s.s@FT - Moneyline@s.s@0@s.s@["Home","Draw","Away"]
30@s.s@Rugby League@s.s@8341@s.s@OutRight@s.s@0@s.s@["Sydney Roosters","Melbourne Storm","Canberra Raiders","South Sydney Rabbitohs","Manly Sea Eagles","Cronulla Sharks","Brisbane Broncos","Parramatta Eels","Penrith Panthers","North Queensland Cowboys","St George Illawarra Dragons","Wests Tigers","Canterbury Bulldogs","New Zealand Warriors","Gold Coast Titans","Newcastle Knights"]
30@s.s@Rugby League@s.s@68374@s.s@Alternative 2 Way - Total@s.s@0@s.s@["Over 0","Under 0"]
30@s.s@Rugby League@s.s@183380@s.s@Race To 10 Points@s.s@0@s.s@["Penrith Panthers","Newcastle Knights","Neither"]
30@s.s@Rugby League@s.s@157708@s.s@Highest Scoring Half@s.s@0@s.s@["1st Half","Draw","2nd Half"]
30@s.s@Rugby League@s.s@535537@s.s@Specials@s.s@0@s.s@["Wests Tigers Try","Wests Tigers Penalty","Wests Tigers Drop Goal","Newcastle Knights Try","Newcastle Knights Penalty","Newcastle Knights Drop Goal"]
30@s.s@Rugby League@s.s@535769@s.s@1st Half Winning Margin@s.s@0@s.s@["To Win By 1-3","To Win By 4-6","To Win By 7-9","To Win By 10-12","To Win By 13-15","To Win By 16-18","To Win By 19-21","To Win By 22+","Draw"]
30@s.s@Rugby League@s.s@535410@s.s@Race To 30 Points@s.s@0@s.s@["Wests Tigers","Newcastle Knights","Neither"]
30@s.s@Rugby League@s.s@535409@s.s@Race To 20 Points@s.s@0@s.s@["Wests Tigers","Newcastle Knights","Neither"]
30@s.s@Rugby League@s.s@670581@s.s@1st Half Total Tries - Total@s.s@0@s.s@["Over 0","Under 0"]
30@s.s@Rugby League@s.s@670582@s.s@1st Half Winning Margin 5 Way@s.s@0@s.s@["To Win By 1-8","To Win By 9+","Draw"]
30@s.s@Rugby League@s.s@68398@s.s@3 way Handicap@s.s@0@s.s@[]
30@s.s@Rugby League@s.s@68394@s.s@Winning Margin 5 way@s.s@0@s.s@["To Win By 1-12","To Win By 13+","Draw"]
30@s.s@Rugby League@s.s@68395@s.s@Winning Margin@s.s@0@s.s@["To Win By 1-5","To Win By 6-10","To Win By 11-15","To Win By 16-20","To Win By 21-25","To Win By 26-30","To Win By 31-35","To Win By 36-40","Draw"]
30@s.s@Rugby League@s.s@68372@s.s@First To Score - Moneyline@s.s@0@s.s@["Home","Draw","Away"]
30@s.s@Rugby League@s.s@68391@s.s@Team To Score Most Tries 3 Way@s.s@0@s.s@["Brisbane Broncos","X","Parramatta Eels"]
30@s.s@Rugby League@s.s@68397@s.s@Alternative Handicap 3 Way@s.s@0@s.s@[]
30@s.s@Rugby League@s.s@68380@s.s@Last To Score a Try - Moneyline@s.s@0@s.s@["Home","Draw","Away"]
30@s.s@Rugby League@s.s@68392@s.s@Total Tries Odd\/Even@s.s@0@s.s@["Odd","Even"]
30@s.s@Rugby League@s.s@68375@s.s@1st Half - Spread@s.s@0@s.s@["Home 0","Away 0"]
30@s.s@Rugby League@s.s@68379@s.s@FT - Total@s.s@0@s.s@["Over 38.5","Under 38.5"]
30@s.s@Rugby League@s.s@68371@s.s@Last To Score - Moneyline@s.s@0@s.s@["Home","Draw","Away"]
30@s.s@Rugby League@s.s@68396@s.s@Double Result@s.s@0@s.s@["1\/1","1\/2","1\/X","2\/1","2\/2","2\/X","X\/1","X\/2","X\/X"]
30@s.s@Rugby League@s.s@72113@s.s@Live Betting - Total@s.s@0@s.s@["Over 41.5","Under 41.5"]
30@s.s@Rugby League@s.s@68399@s.s@Tryscorers@s.s@0@s.s@["No Tryscorer","Maika Sivo","Blake Ferguson","Corey Oates","Jesse Arthars","Kotoni Staggs","Xavier Coates","Clint Gutherson","George Jennings","Herbie Farnworth","Anthony Milford","Jamayne Isaako","Michael Jennings","Tesi Niu","Waqa Blake","Darius Boyd","Ryan Matterson","Shaun Lane","Alex Glenn","Brad Takairangi","Brodie Croft","Dylan Brown","Jaeman Salmon","Jake Turpin","Mitchell Moses","Thomas Dearden","Jamil Hopoate","Marata Niukore","Patrick Carrigan","Payne Haas","Reed Mahoney","David Gower","Ray Stone","Joe Ofahengaue","Peni Terepo","Rhys Kennedy","Ethan Bullemor","Junior Paulo","Kane Evans","Oregon Kaufusi","Reagan Campbell-Gillard","Thomas Flegler","Matthew Lodge"]
30@s.s@Rugby League@s.s@68381@s.s@Team To Score Most Tries Handicap - Spread@s.s@0@s.s@["Home -0.5","Away 0.5"]
30@s.s@Rugby League@s.s@68373@s.s@Alternative 2 Way - Spread@s.s@0@s.s@["Home 0","Away 0"]
30@s.s@Rugby League@s.s@68393@s.s@Team With Most Converted Tries@s.s@0@s.s@["Brisbane Broncos","X","Parramatta Eels"]
30@s.s@Rugby League@s.s@68370@s.s@Total Tries - Total@s.s@0@s.s@["Over 0","Under 0"]
30@s.s@Rugby League@s.s@68377@s.s@1st Half - Moneyline@s.s@0@s.s@["Home","Draw","Away"]
30@s.s@Rugby League@s.s@68400@s.s@Regular Season Winner@s.s@0@s.s@[]
30@s.s@Rugby League@s.s@72112@s.s@Live Betting - Spread@s.s@0@s.s@["Home 1.5","Away -1.5"]
30@s.s@Rugby League@s.s@68378@s.s@FT - Spread@s.s@0@s.s@["Home -8.5","Away 8.5"]
30@s.s@Rugby League@s.s@68376@s.s@1st Half - Total@s.s@0@s.s@["Over 0","Under 0"]
30@s.s@Rugby League@s.s@68382@s.s@First To Score a Try - Moneyline@s.s@0@s.s@["Home","Draw","Away"]
30@s.s@Rugby League@s.s@460081@s.s@10 Min - Spread@s.s@0@s.s@["Home 0","Away 0"]
30@s.s@Rugby League@s.s@460077@s.s@10 Min - Moneyline@s.s@0@s.s@["Home","Draw","Away"]
30@s.s@Rugby League@s.s@460082@s.s@10 Min - Total@s.s@0@s.s@["Over 0","Under 0"]
30@s.s@Rugby League@s.s@72114@s.s@Live Betting - Moneyline@s.s@0@s.s@["Home","Draw","Away"]
39@s.s@Rugby Union@s.s@1149943@s.s@Top Finish@s.s@0@s.s@["Crusaders","Chiefs","Blues","Hurricanes","Highlanders"]
39@s.s@Rugby Union@s.s@670611@s.s@Man Of The Match@s.s@0@s.s@["Faf de Klerk","Owen Farrell","Courtney Lawes","Manu Tuilagi"]
39@s.s@Rugby Union@s.s@26201@s.s@Finishing Position@s.s@0@s.s@["Italy","Scotland","France","Wales","Ireland","England"]
39@s.s@Rugby Union@s.s@8339@s.s@FT - Moneyline@s.s@0@s.s@["Home","Draw","Away"]
39@s.s@Rugby Union@s.s@8338@s.s@FT - Spread@s.s@0@s.s@["Home 4.5","Away -4.5"]
39@s.s@Rugby Union@s.s@32585@s.s@FT - Total@s.s@0@s.s@["Over 50.5","Under 50.5"]
39@s.s@Rugby Union@s.s@8576@s.s@First To Score@s.s@0@s.s@["Wales","Italy"]
39@s.s@Rugby Union@s.s@8340@s.s@OutRight@s.s@0@s.s@["Exeter Chiefs","Gloucester","Harlequins","Sale Sharks","Leicester Tigers","Bath","Wasps ","Bristol Bears","London Irish","Worcester Warriors","Northampton Saints"]
39@s.s@Rugby Union@s.s@30414@s.s@Highest Half@s.s@0@s.s@["1st","Tie","2nd"]
39@s.s@Rugby Union@s.s@32614@s.s@Tryscorers@s.s@0@s.s@["No Tryscorer","DTH Van der Merwe ","Tommy Seymour","George Horne","Kyle Steyn","George Turner","Glenn Bryce","Nick Grigg","Chris Fusaro","Jamie Dobie","Leone Nakarawa","Matt Fagerson","Mesulame Dolokoto","Ruaridh Jackson","Ryan Wilson","Stafford McDowall","Thomas Gordon","Paula Balekana","Peter Horne","Pierre Bruno","Jamie Elliott","Junior Laloifi","Robert Harley","Tommaso Boni","Enrico Lucchin","Adam Nicol","Aki Seiuli","Apisai Tauyavuca","Jimmy Tuivati","Massimo Ceciliani","Maxime Mbanda","Oli Kebble","Renato Giammarioli","Tim Swinson","Josh Renton","Marcello Violi","Michelangelo Biondelli","Oliviero Fabiani","Alexandru Tarus","Daniele Rimpelli","Eduardo Bello","George Biagi","Ian Nagle","Leonard Krumov","Mick Kearney ","Riccardo Brugnara"]
39@s.s@Rugby Union@s.s@34041@s.s@Winner Without@s.s@0@s.s@["Ireland","Wales","France","Scotland","Italy"]
39@s.s@Rugby Union@s.s@26200@s.s@Winner@s.s@0@s.s@["No Winner","Ireland","France"]
39@s.s@Rugby Union@s.s@8575@s.s@Last To Score@s.s@0@s.s@["Wales","Italy"]
39@s.s@Rugby Union@s.s@8574@s.s@1st Half - Moneyline@s.s@0@s.s@["Home","Draw","Away"]
39@s.s@Rugby Union@s.s@29741@s.s@1st Half - Total@s.s@0@s.s@["Over 0","Under 0"]
39@s.s@Rugby Union@s.s@33318@s.s@Live Betting - Total@s.s@0@s.s@["Over 50.5","Under 50.5"]
39@s.s@Rugby Union@s.s@33317@s.s@Live Betting - Spread@s.s@0@s.s@["Home 8.5","Away -8.5"]
39@s.s@Rugby Union@s.s@33319@s.s@Live Betting - Moneyline@s.s@0@s.s@["Home","Draw","Away"]
39@s.s@Rugby Union@s.s@29740@s.s@1st Half - Spread@s.s@0@s.s@["Home 0","Away 0"]
47@s.s@Golf@s.s@15591@s.s@OutRight@s.s@0@s.s@["Justin Thomas","Matthew Fitzpatrick","Rickie Fowler","Joost Luiten","Shane Lowry","Cameron Smith","Dustin Johnson","Adam Scott","Phil Mickelson","Keith Mitchell","Andrew Putnam","Tony Finau","Louis Oosthuizen","Sung-Jae Im","Justin Rose","Lucas Bjerregaard","Charles Howell III","Kevin Na","Russell Knox","Abraham Ancer","Patrick Reed","Branden Grace","Charley Hoffman","Billy Horschel","Henrik Stenson ","Sung Kang","Marc Leishman","Hideki Matsuyama","Jon Rahm","Adam Hadwin","Bryson DeChambeau","
47@s.s@Golf@s.s@26212@s.s@Winner@s.s@0@s.s@["USA","Europe"]
47@s.s@Golf@s.s@255516@s.s@Stats@s.s@0@s.s@["Yes","No"]
47@s.s@Golf@s.s@238385@s.s@Hole in One@s.s@0@s.s@[]
47@s.s@Golf@s.s@255517@s.s@Players Under Par@s.s@0@s.s@["40 and Under","41-60 Inclusive","61 and Over"]
47@s.s@Golf@s.s@157847@s.s@Regional Betting@s.s@0@s.s@[]
47@s.s@Golf@s.s@1056734@s.s@3 Balls Holes 1-3 Winner@s.s@0@s.s@["Rory McIlroy\/Dustin Johnson","Rickie Fowler\/Matthew Wolff"]
47@s.s@Golf@s.s@1060203@s.s@3 Balls Holes 16-18 Winner@s.s@0@s.s@["Rory McIlroy\/Dustin Johnson","Rickie Fowler\/Matthew Wolff"]
47@s.s@Golf@s.s@238450@s.s@3 Balls Betting@s.s@0@s.s@["A Lim Kim","Ji Young Park","Ji Hyun Kim"]
47@s.s@Golf@s.s@1096034@s.s@Live Betting - Moneyline@s.s@0@s.s@["Home","Draw","Away"]
47@s.s@Golf@s.s@1051119@s.s@3 Balls Hole 18 Winner@s.s@0@s.s@["Rory McIlroy\/Dustin Johnson","Rickie Fowler\/Matthew Wolff"]
47@s.s@Golf@s.s@68383@s.s@FT - Moneyline@s.s@0@s.s@["Home","Draw","Away"]
47@s.s@Golf@s.s@68405@s.s@Round Betting@s.s@0@s.s@[]
47@s.s@Golf@s.s@155714@s.s@Top Finish@s.s@0@s.s@[]
48@s.s@Boxing@s.s@121537@s.s@Live Betting - Moneyline@s.s@0@s.s@[]
48@s.s@Boxing@s.s@26182@s.s@FT - Moneyline@s.s@0@s.s@["Home","Draw","Away"]
48@s.s@Boxing@s.s@26203@s.s@Round Group Betting@s.s@0@s.s@["Deontay Wilder To Win In Rounds 1-3","Tyson Fury To Win In Rounds 1-3","Deontay Wilder To Win In Rounds 4-6","Tyson Fury To Win In Rounds 4-6","Deontay Wilder To Win In Rounds 7-9","Tyson Fury To Win In Rounds 7-9","Deontay Wilder To Win In Rounds 10-12","Tyson Fury To Win In Rounds 10-12","Draw Or Technical Draw","Decision or Tech Decision"]
48@s.s@Boxing@s.s@26202@s.s@Fight To Go The Distance@s.s@0@s.s@["Yes","No"]
48@s.s@Boxing@s.s@26204@s.s@Fight Outcome@s.s@0@s.s@["Deontay Wilder by Decision or Technical Decision","Deontay Wilder by KO, TKO or Disqualification","Tyson Fury by Decision or Technical Decision","Tyson Fury by KO, TKO or Disqualification","Draw or Technical Draw"]
48@s.s@Boxing@s.s@26181@s.s@FT - Total@s.s@0@s.s@["Over 10.5","Under 10.5"]
48@s.s@Boxing@s.s@26205@s.s@3 Way Winner@s.s@0@s.s@["Deontay Wilder","Draw","Tyson Fury"]
48@s.s@Boxing@s.s@26180@s.s@Total Rounds Alternative - Total@s.s@0@s.s@["Over 9.5","Under 9.5"]
48@s.s@Boxing@s.s@26206@s.s@Round Betting@s.s@0@s.s@["Deontay Wilder to Win In Round 1","Tyson Fury to Win In Round 1","Deontay Wilder to Win In Round 2","Tyson Fury to Win In Round 2","Deontay Wilder to Win In Round 3","Tyson Fury to Win In Round 3","Deontay Wilder to Win In Round 4","Tyson Fury to Win In Round 4","Deontay Wilder to Win In Round 5","Tyson Fury to Win In Round 5","Deontay Wilder to Win In Round 6","Tyson Fury to Win In Round 6","Deontay Wilder to Win In Round 7","Tyson Fury to Win In Round 7","Deontay Wilder to Win In Round 8","Tyson Fury to Win In Round 8","Deontay Wilder to Win In Round 9","Tyson Fury to Win In Round 9","Deontay Wilder to Win In Round 10","Tyson Fury to Win In Round 10","Deontay Wilder to Win In Round 11","Tyson Fury to Win In Round 11","Deontay Wilder to Win In Round 12","Tyson Fury to Win In Round 12","Deontay Wilder Decision Or Tech Decision","Tyson Fury Decision Or Tech Decision","Draw or Technical Draw"]
48@s.s@Boxing@s.s@34293@s.s@Specials@s.s@0@s.s@["Either Fighter to Win In Rounds 1-3","Either Fighter to Win In Rounds 4-6","Either Fighter to Win In Rounds 7-9","Either Fighter to Win In Rounds 10-12"]
48@s.s@Boxing@s.s@469668@s.s@Method Of Victory@s.s@0@s.s@["Daniel Dubois by KO\/TKO\/Disqualification"]
51@s.s@MMA@s.s@68386@s.s@FT - Moneyline@s.s@0@s.s@["Home","Draw","Away"]
51@s.s@MMA@s.s@68388@s.s@FT - Total@s.s@0@s.s@["Over 2.5","Under 2.5"]
51@s.s@MMA@s.s@68401@s.s@Round Betting@s.s@0@s.s@["Round 1","Round 2","Round 3","Round 4","Round 5","By Points","Draw"]
51@s.s@MMA@s.s@68402@s.s@Method Of Victory@s.s@0@s.s@["Anthony Smith To Win By KO\/TKO\/Disqualification","Glover Teixeira To Win By KO\/TKO\/Disqualification","Anthony Smith To Win By Submission","Glover Teixeira To Win By Submission","Anthony Smith To Win By Points","Glover Teixeira To Win By Points"]
51@s.s@MMA@s.s@68403@s.s@Fight To Go The Distance@s.s@0@s.s@["Yes","No"]
51@s.s@MMA@s.s@68387@s.s@Total Rounds Alternative - Total@s.s@0@s.s@["Over 1.5","Under 1.5"]
54@s.s@E-Sports@s.s@125796@s.s@Map 5 - Spread@s.s@0@s.s@["Home -3.5","Away 3.5"]
54@s.s@E-Sports@s.s@125794@s.s@Map 4 - Spread@s.s@0@s.s@["Home -3.5","Away 3.5"]
54@s.s@E-Sports@s.s@68389@s.s@Map 4 - Moneyline@s.s@0@s.s@["Home","Draw","Away"]
54@s.s@E-Sports@s.s@68390@s.s@Map 5 - Moneyline@s.s@0@s.s@["Home","Draw","Away"]
54@s.s@E-Sports@s.s@125795@s.s@Map 4 - Total@s.s@0@s.s@["Over 26.5","Under 26.5"]
54@s.s@E-Sports@s.s@675165@s.s@Live Betting - Spread@s.s@0@s.s@["Home -1.5","Away 1.5"]
54@s.s@E-Sports@s.s@702164@s.s@Map 6 - Moneyline@s.s@0@s.s@["Home","Draw","Away"]
54@s.s@E-Sports@s.s@702165@s.s@Map 7 - Moneyline@s.s@0@s.s@["Home","Draw","Away"]
54@s.s@E-Sports@s.s@28967@s.s@Map 1 - Spread@s.s@0@s.s@["Home -4.5","Away 4.5"]
54@s.s@E-Sports@s.s@18537@s.s@Map 1 - Total@s.s@0@s.s@["Over 26.5","Under 26.5"]
54@s.s@E-Sports@s.s@125797@s.s@Map 5 - Total@s.s@0@s.s@["Over 26.5","Under 26.5"]
54@s.s@E-Sports@s.s@485473@s.s@Live Betting - Moneyline@s.s@0@s.s@["Home","Draw","Away"]
54@s.s@E-Sports@s.s@26184@s.s@Map 1 - Moneyline@s.s@0@s.s@["Home","Draw","Away"]
54@s.s@E-Sports@s.s@606547@s.s@Live Betting - Total@s.s@0@s.s@["Over 2.5","Under 2.5"]
54@s.s@E-Sports@s.s@28971@s.s@Map 3 - Total@s.s@0@s.s@["Over 25.5","Under 25.5"]
54@s.s@E-Sports@s.s@28968@s.s@Map 2 - Spread@s.s@0@s.s@["Home -5.5","Away 5.5"]
54@s.s@E-Sports@s.s@26186@s.s@Map 3 - Moneyline@s.s@0@s.s@["Home","Draw","Away"]
54@s.s@E-Sports@s.s@26185@s.s@Map 2 - Moneyline@s.s@0@s.s@["Home","Draw","Away"]
54@s.s@E-Sports@s.s@26183@s.s@FT - Spread@s.s@0@s.s@["Home 1.5","Away -1.5"]
54@s.s@E-Sports@s.s@18547@s.s@FT - Moneyline@s.s@0@s.s@["Home","Draw","Away"]
54@s.s@E-Sports@s.s@18546@s.s@FT - Total@s.s@0@s.s@["Over 2.5","Under 2.5"]
54@s.s@E-Sports@s.s@28969@s.s@Map 2 - Total@s.s@0@s.s@["Over 25.5","Under 25.5"]
54@s.s@E-Sports@s.s@28970@s.s@Map 3 - Spread@s.s@0@s.s@["Home -4.5","Away 4.5"]
57@s.s@Formula 1@s.s@227374@s.s@Constructors@s.s@0@s.s@[]
57@s.s@Formula 1@s.s@227313@s.s@Podium Position@s.s@0@s.s@[]
57@s.s@Formula 1@s.s@227314@s.s@Top Finish@s.s@0@s.s@[]
57@s.s@Formula 1@s.s@227437@s.s@First To Retire@s.s@0@s.s@[]
57@s.s@Formula 1@s.s@227413@s.s@Winning Margin@s.s@0@s.s@[]
57@s.s@Formula 1@s.s@227436@s.s@Grid Position of Winner@s.s@0@s.s@[]
57@s.s@Formula 1@s.s@227373@s.s@Fastest Lap@s.s@0@s.s@[]
57@s.s@Formula 1@s.s@227586@s.s@Fastest Qualifier@s.s@0@s.s@[]
57@s.s@Formula 1@s.s@701605@s.s@OutRight@s.s@0@s.s@["David Tonizza","Freddy Rasmussen","Daniel Bereznay","Marcel Kiefer","Alvaro Carreton","Michael Romanidis","Fabrizio Donoso","Joni Tormala","Enzo Bonito","Lucas Blakeley","Nicolas Longuet","Daniele Haddad"]
57@s.s@Formula 1@s.s@227412@s.s@Winner@s.s@0@s.s@[]
61@s.s@Cycling@s.s@270595@s.s@Winner@s.s@0@s.s@["Julian Alaphilippe","Maximilian Schachmann","Thomas De Gendt","Sergio Higuita","Peter Sagan","Dylan Teuns","Tiesj Benoot","Benoit Cosnefroy","Pello Bilbao","Michael Matthews","Thibaut Pinot","Ivan Garcia Cortina","Lilian Calmejane","Damiano Caruso","Soren Kragh Andersen","Kasper Asgreen","Zdenek Stybar","Philippe Gilbert","Pierre Latour","Michael Valgren","Jasper Stuyven","Bob Jungels","Guillaume Martin","Yves Lampaert","Richie Porte","Vincenzo Nibali","Xandro Meurisse","Caleb Ewan","Dries Van Gestel","Victor Campenaerts","Aurelien Paret-Peintre","Andrea Pasqualon","Anthony Perez","Nairo Quintana","Nans Peters","Jonathan Hivert","Giacomo Nizzolo","Aime De Gendt","Nikias Arndt","Alexis Gougeard","John Degenkolb","Alberto Bettiol","Niccolo Bonifazio","Nico Denz","Nils Politt","Mads Pedersen","Bryan Coquard ","Ben O\u00b4Connor","Nicolas Edet","Felix Grossschartner","Romain Bardet","Nacer Bouhanni","Roman Kreuziger","Jan Tratnik","Cees Bol","Niki Terpstra","Elia Viviani"]
61@s.s@Cycling@s.s@209343@s.s@Stage Winner@s.s@0@s.s@[]
61@s.s@Cycling@s.s@68385@s.s@FT - Moneyline@s.s@0@s.s@[]
61@s.s@Cycling@s.s@19316@s.s@OutRight@s.s@0@s.s@["Fausto Masnada","Felix Grossschartner","Jakob Fuglsang","Alexey Lutsenko","Enric Mas Nicolau","Laurens De Plus","Ilnur Zakarin","Ion Izagirre","Marc Soler","Roman Kreuziger","Daniel Martin","Ivan Ramiro Sosa","Richie Porte","Tadej Pogacar","Tejay Van Garderen","Geraint Thomas","Kasper Asgreen","Adam Yates","Patrick Konrad","Sam Oomen","Rigoberto Uran","Ben OConnor","George Bennett","Joseph Lloyd Dombrowski","Marc Hirschi","Domenico Pozzovivo","Jack Haig","Alejandro Valverde","Tiesj Benoot","Davide Formolo","Eddie Dunbar","Bob Jungels","Michael Woods","Wout Van Aert","Julian Alaphilippe","Richard Carapaz","Chris Froome","Emanuel Buchmann","Bauke Mollema","Nairo Quintana","Simon Yates","Louis Meintjes","Giulio Ciccone","Steven Kruijswijk","Lennard Kamna","Michal Kwiatkowski","Primoz Roglic","Mathieu van der Poel","Rafal Majka","Rohan Dennis","Guillaume Martin","Fabio Aru","Tom Dumoulin","Wouter Poels","Peter Sagan","Thibaut Pinot","Miguel Angel Lopez","Sergio Higuita","David Gaudu","Pavel Sivakov","Wilco Kelderman","Damiano Caruso","Egan Bernal","Remco Evenepoel","Hugh Carthy","Carlos Betancur","Daniel Martinez","Mikel Nieve","Valentin Madouas","Pierre Latour","Maximilian Schachmann","Mikel Landa","Lucas Hamilton","Tao Geoghegan Hart","Warren Barguil"]
312@s.s@Ice Hockey@s.s@68295@s.s@Live Betting - Total@s.s@0@s.s@[]
312@s.s@Ice Hockey@s.s@75493@s.s@Live Betting - Moneyline@s.s@0@s.s@[]
312@s.s@Ice Hockey@s.s@68294@s.s@Live Betting - Spread@s.s@0@s.s@[]
315@s.s@Handball@s.s@84703@s.s@Live Betting - Spread@s.s@0@s.s@["Home 0","Away 0"]
315@s.s@Handball@s.s@84704@s.s@Live Betting - Total@s.s@0@s.s@["Over 0","Under 0"]
315@s.s@Handball@s.s@84705@s.s@Live Betting - Moneyline@s.s@0@s.s@["Home","Draw","Away"]
319@s.s@Snooker & Pool@s.s@145416@s.s@Live Betting - Spread@s.s@0@s.s@["Home -1.5","Away 1.5"]
319@s.s@Snooker & Pool@s.s@145417@s.s@Live Betting - Moneyline@s.s@0@s.s@["Home","Draw","Away"]
319@s.s@Snooker & Pool@s.s@157531@s.s@Live Betting - Total@s.s@0@s.s@[]
320@s.s@Darts@s.s@71107@s.s@Live Betting - Moneyline@s.s@0@s.s@["Home","Draw","Away"]
320@s.s@Darts@s.s@130136@s.s@Live Betting - Spread@s.s@0@s.s@["Home -4.5","Away 4.5"]
322@s.s@Volleyball@s.s@89461@s.s@Live Betting - Total@s.s@0@s.s@[]
322@s.s@Volleyball@s.s@68668@s.s@Live Betting - Spread@s.s@0@s.s@[]
322@s.s@Volleyball@s.s@68669@s.s@Live Betting - Moneyline@s.s@0@s.s@["Home","Draw","Away"]
324@s.s@Table Tennis@s.s@145684@s.s@Live Betting - Moneyline@s.s@0@s.s@["Home","Draw","Away"]
324@s.s@Table Tennis@s.s@514584@s.s@Live Betting - Total@s.s@0@s.s@["Over 4.5","Under 4.5"]
324@s.s@Table Tennis@s.s@514583@s.s@Live Betting - Spread@s.s@0@s.s@["Home -1.5","Away 1.5"]
325@s.s@Cricket@s.s@79162@s.s@Live Betting - Moneyline@s.s@0@s.s@["Home","Draw","Away"]
337@s.s@Motor Racing@s.s@156684@s.s@OutRight@s.s@0@s.s@["Martin Truex Jr.","Kyle Busch","Kevin Harvick","Denny Hamlin","Joey Logano","Chase Elliott","Brad Keselowski","Ryan Blaney","William Byron","Erik Jones","Alex Bowman","Kurt Busch","Clint Bowyer","Aric Almirola","Matt DiBenedetto","Jimmie Johnson","Cole Custer","Christopher Bell","Ryan Newman","Austin Dillon","Chris Buescher","Tyler Reddick","Ricky Stenhouse Jr.","Ty Dillon","Bubba Wallace","Ryan Preece","Michael McDowell","John Hunter Nemechek","Field"]
337@s.s@Motor Racing@s.s@1052768@s.s@Constructors@s.s@0@s.s@["Kyle Busch","Denny Hamlin","Martin Truex Jr","Erik Jones","Christopher Bell","Daniel Suarez","Timmy Hill"]
337@s.s@Motor Racing@s.s@1051117@s.s@Winner@s.s@0@s.s@["Yes","No"]
337@s.s@Motor Racing@s.s@1051116@s.s@Group Winner@s.s@0@s.s@["Brad Keselowski","Martin Truex Jr","Chase Elliott","Alex Bowman"]
337@s.s@Motor Racing@s.s@1097742@s.s@Live Betting - Moneyline@s.s@0@s.s@["Home","Draw","Away"]
337@s.s@Motor Racing@s.s@68384@s.s@FT - Moneyline@s.s@0@s.s@["Home","Draw","Away"]
337@s.s@Motor Racing@s.s@701591@s.s@Fastest Lap@s.s@0@s.s@["Lando Norris","Nicholas Latifi","Stoffel Vandoorne","Jimmy Broadbent","Alexander Albon","Nunzio NU89 Tudisco","Esteban Gutierrez","Antonio Giovinazzi","George Russell","Andre Heimgartner"]
337@s.s@Motor Racing@s.s@701586@s.s@Podium Position@s.s@0@s.s@["Lando Norris","Charles Leclerc","Nicholas Latifi","Stoffel Vandoorne"]
337@s.s@Motor Racing@s.s@701585@s.s@Top Finish@s.s@0@s.s@["Lando Norris","Charles Leclerc","Nicholas Latifi","Stoffel Vandoorne","Alexander Albon","Jimmy Broadbent","Antonio Giovinazzi","Louis Delatraz","Nunzio NU89 Tudisco","Arthur Leclerc","Esteban Gutierrez","Luca Salvadori","Pietro Fittipaldi","George Russell","Anthony Davidson","Andre Heimgartner","Christian Lundgaard","Jenson Button","Ben Stokes","Johnny Herbert"]
337@s.s@Motor Racing@s.s@701598@s.s@Fastest Qualifier@s.s@0@s.s@["Lando Norris","Nicholas Latifi","Louis Delatraz","Stoffel Vandoorne","Jimmy Broadbent","Alexander Albon","Nunzio NU89 Tudisco","Esteban Gutierrez","Antonio Giovinazzi","Luca Salvadori","Andre Heimgartner","Pietro Fittipaldi","Anthony Davidson","George Russell","Christian Lundgaard","Jenson Button","Ben Stokes","Johnny Herbert"]
348@s.s@Futsal@s.s@605500@s.s@Live Betting - Total@s.s@0@s.s@["Over 5.5","Under 5.5"]
348@s.s@Futsal@s.s@69445@s.s@Live Betting - Spread@s.s@0@s.s@["Home -3.5","Away 3.5"]
348@s.s@Futsal@s.s@69446@s.s@Live Betting - Moneyline@s.s@0@s.s@["Home","Draw","Away"]
363@s.s@World Rally@s.s@169044@s.s@OutRight@s.s@0@s.s@[]
502@s.s@Aussie Rules@s.s@516832@s.s@Live Betting - Moneyline@s.s@1@s.s@["Home","Draw","Away"]
502@s.s@Aussie Rules@s.s@520388@s.s@Live Betting - Total@s.s@1@s.s@["Over 142.5","Under 142.5"]
502@s.s@Aussie Rules@s.s@520387@s.s@Live Betting - Spread@s.s@1@s.s@["Home -17.5","Away 17.5"]
510@s.s@Bowls@s.s@579479@s.s@Live Betting - Moneyline@s.s@1@s.s@["Home","Draw","Away"]
547@s.s@Baseball@s.s@701619@s.s@Live Betting - Moneyline@s.s@0@s.s@["Home","Draw","Away"]
547@s.s@Baseball@s.s@701618@s.s@Live Betting - Total@s.s@0@s.s@["Over 8.5","Under 8.5"]
547@s.s@Baseball@s.s@1071343@s.s@Live Betting - Spread@s.s@0@s.s@["Home 1.5","Away -1.5"]
